run,sample,temperature,current,vibration,label
1,1,25.72,4.8,0.82,0
1,2,23.81,5.19,1.02,0
1,3,25.27,4.63,0.8,0
1,4,24.2,5.08,1.03,0
1,5,25.65,5.16,0.96,0
1,6,24.85,4.82,1.18,0
1,7,25.78,4.73,0.96,0
1,8,24.33,4.77,1.13,0
1,9,23.81,4.9,0.93,0
1,10,24.53,4.81,0.77,0
1,11,24.88,4.7,1.21,0
1,12,23.74,4.83,1.06,0
1,13,26.16,4.89,0.85,0
1,14,23.71,5.13,1.14,0
1,15,26.46,5.28,1.18,0
1,16,24.64,4.96,1.17,0
1,17,23.99,4.88,1.09,0
1,18,25.61,5.15,0.79,0
1,19,25.4,5.03,0.87,0
1,20,24.89,4.82,1.21,0
1,21,25.56,4.78,0.91,0
1,22,25.8,4.64,1.16,0
1,23,25.92,4.92,0.78,0
1,24,26.24,5.05,1.11,0
1,25,24.14,5.0,1.19,0
1,26,25.43,4.71,0.82,0
1,27,25.73,5.03,1.12,0
1,28,24.79,5.07,0.93,0
1,29,26.49,4.71,1.0,0
1,30,25.77,5.29,0.83,0
1,31,23.98,5.14,1.05,0
1,32,24.65,5.08,0.98,0
1,33,24.25,5.04,1.22,0
1,34,25.54,4.69,1.19,0
1,35,25.75,5.21,0.92,0
1,36,24.38,4.73,0.75,0
1,37,25.67,5.18,1.24,0
1,38,25.79,5.01,0.8,0
1,39,25.38,5.27,1.0,0
1,40,24.1,4.9,0.83,0
1,41,26.36,5.34,1.21,0
1,42,25.3,4.99,0.81,0
1,43,24.59,5.39,1.15,0
1,44,24.22,4.79,1.03,0
1,45,23.74,5.19,1.16,0
1,46,26.43,5.03,0.81,0
1,47,25.48,5.36,0.83,0
1,48,25.08,5.09,1.23,0
1,49,26.29,5.2,1.09,0
1,50,25.64,4.92,1.09,0
1,51,24.62,5.32,0.98,0
1,52,24.24,4.65,0.76,0
1,53,25.16,5.07,0.75,0
1,54,25.62,4.65,0.78,0
1,55,23.59,4.86,1.01,0
1,56,24.34,4.99,1.02,0
1,57,25.67,5.31,1.04,0
1,58,24.23,4.98,0.95,0
1,59,23.78,5.13,0.93,0
1,60,28.46,5.29,0.78,1
1,61,28.9,4.65,1.11,1
1,62,26.92,4.75,1.02,1
1,63,26.73,4.97,1.19,1
1,64,28.46,5.28,0.8,1
1,65,28.76,4.61,0.8,1
1,66,29.09,4.93,0.99,1
1,67,27.67,4.73,0.75,1
1,68,28.59,5.23,0.89,1
1,69,27.96,5.23,1.08,1
1,70,28.71,4.77,0.78,1
1,71,27.93,4.85,0.78,1
1,72,28.02,5.02,0.78,1
1,73,29.09,4.65,0.78,1
1,74,28.24,5.35,1.03,1
1,75,28.2,4.67,1.08,1
1,76,27.44,4.81,1.08,1
1,77,27.87,4.7,1.07,1
1,78,28.36,5.35,0.75,1
1,79,28.02,4.68,1.02,1
1,80,23.9,4.88,0.78,0
1,81,24.23,4.83,0.97,0
1,82,25.13,4.84,1.24,0
1,83,25.92,5.02,1.08,0
1,84,25.16,5.35,0.8,0
1,85,26.13,4.81,1.19,0
1,86,25.73,4.72,0.89,0
1,87,24.13,4.87,1.09,0
1,88,26.06,5.0,0.88,0
1,89,26.22,4.64,1.07,0
1,90,25.99,4.64,0.92,0
1,91,23.89,5.38,0.83,0
1,92,24.83,5.16,1.03,0
1,93,23.84,5.36,1.1,0
1,94,23.95,4.63,0.93,0
1,95,25.16,4.94,0.77,0
1,96,24.59,5.35,1.24,0
1,97,23.62,4.89,1.09,0
1,98,25.5,4.88,1.03,0
1,99,26.12,5.38,1.12,0
1,100,26.28,4.79,0.83,0
1,101,25.9,4.74,0.96,0
1,102,24.04,5.34,1.14,0
1,103,24.74,5.14,1.12,0
1,104,24.24,4.73,1.1,0
1,105,24.65,4.63,0.99,0
1,106,24.1,5.33,0.92,0
1,107,25.96,5.3,0.86,0
1,108,25.48,4.92,0.89,0
1,109,23.71,5.22,0.93,0
1,110,25.03,5.14,1.17,0
1,111,24.49,4.62,1.19,0
1,112,24.28,5.06,1.24,0
1,113,23.61,5.08,0.92,0
1,114,25.86,5.49,1.24,1
1,115,26.2,5.75,0.77,1
1,116,25.06,6.15,1.09,1
1,117,25.71,6.16,0.97,1
1,118,26.26,5.5,1.08,1
1,119,26.2,5.66,1.08,1
1,120,25.59,5.93,0.85,1
1,121,24.64,5.86,0.84,1
1,122,24.72,5.57,0.9,1
1,123,25.86,5.75,0.91,1
1,124,25.53,5.01,1.15,0
1,125,26.38,5.19,1.08,0
1,126,24.35,5.13,1.06,0
1,127,23.78,5.36,0.87,0
1,128,24.43,5.25,0.82,0
1,129,23.64,5.39,1.06,0
1,130,25.81,4.96,1.19,0
1,131,25.23,5.17,0.94,0
1,132,24.7,4.72,1.09,0
1,133,26.18,5.29,1.19,0
1,134,25.84,4.78,1.15,0
1,135,25.59,4.97,1.03,0
1,136,26.25,4.7,0.82,0
1,137,24.89,5.02,1.03,0
1,138,24.45,5.2,0.97,0
1,139,25.95,5.31,0.96,0
1,140,26.22,4.96,0.83,0
1,141,26.08,4.96,1.13,0
1,142,26.02,4.82,1.14,0
1,143,24.95,4.79,0.97,0
1,144,25.64,4.79,0.92,0
1,145,26.18,4.66,0.83,0
1,146,24.65,4.72,0.86,0
1,147,24.74,4.86,0.98,0
1,148,23.69,5.27,0.94,0
1,149,25.81,5.36,0.76,0
1,150,26.14,5.06,0.99,0
1,151,26.33,4.84,0.94,0
1,152,26.17,5.27,1.02,0
1,153,25.7,5.24,1.2,0
1,154,24.96,4.82,0.99,0
1,155,24.67,5.14,1.15,0
1,156,25.67,5.27,1.21,0
1,157,26.44,5.03,1.2,0
1,158,25.28,5.13,0.79,0
1,159,24.79,5.29,0.84,0
1,160,24.28,4.86,0.98,0
1,161,24.51,5.3,0.89,0
1,162,26.35,4.94,1.17,0
1,163,24.91,5.2,0.78,0
1,164,26.36,4.78,0.78,0
1,165,26.37,4.63,0.77,0
1,166,24.24,5.27,1.06,0
1,167,24.22,4.98,0.81,0
1,168,26.34,4.97,0.88,0
1,169,24.61,5.08,1.23,0
1,170,25.66,5.22,0.83,0
1,171,24.43,5.06,1.21,0
1,172,25.23,5.33,0.94,0
1,173,26.32,4.76,1.05,0
1,174,25.99,4.79,1.1,0
1,175,24.4,5.15,1.15,0
1,176,25.89,5.05,0.77,0
1,177,25.1,5.13,0.78,0
1,178,25.44,4.61,0.96,0
1,179,24.97,4.95,0.93,0
1,180,26.17,4.97,0.83,0
1,181,24.03,5.02,1.08,0
1,182,25.35,5.34,1.14,0
1,183,24.89,5.26,1.05,0
1,184,24.47,4.8,1.22,0
1,185,24.34,4.96,1.13,0
1,186,25.21,5.13,0.92,0
1,187,24.98,4.86,0.99,0
1,188,24.56,4.81,0.89,0
1,189,25.29,5.3,1.03,0
1,190,25.05,4.75,0.87,0
1,191,24.72,5.04,0.87,0
1,192,24.93,5.17,0.97,0
1,193,23.55,4.84,0.95,0
1,194,24.23,5.13,0.93,0
1,195,25.16,4.88,1.25,0
1,196,25.15,4.88,0.98,0
1,197,24.42,4.78,1.11,0
1,198,24.45,5.19,1.23,0
1,199,25.57,4.75,1.12,0
1,200,24.33,5.07,1.13,0
1,201,25.29,5.38,1.3,1
1,202,24.58,4.84,1.21,1
1,203,23.64,4.64,1.62,1
1,204,25.41,5.2,1.16,1
1,205,24.35,4.98,1.63,1
1,206,24.26,5.29,0.81,0
1,207,23.7,4.99,1.04,0
1,208,25.56,4.72,1.16,0
1,209,26.35,4.67,0.87,0
1,210,25.17,4.93,1.05,0
1,211,25.36,5.22,0.94,0
1,212,26.23,4.84,1.04,0
1,213,24.79,5.05,0.78,0
1,214,26.38,4.68,1.13,0
1,215,25.38,4.81,0.79,0
1,216,24.22,5.04,0.83,0
1,217,24.73,5.15,0.98,0
1,218,23.6,4.83,0.89,0
1,219,26.08,4.66,0.87,0
1,220,24.29,5.23,1.04,0
1,221,25.91,4.76,0.81,0
1,222,24.17,4.72,0.88,0
1,223,23.93,4.65,1.15,0
1,224,25.29,5.26,1.21,0
1,225,24.82,4.97,0.9,0
1,226,24.71,4.82,1.02,0
1,227,24.81,5.08,1.19,0
1,228,25.7,5.08,0.76,0
1,229,24.19,5.14,1.18,0
1,230,25.26,4.62,1.13,0
1,231,25.96,5.06,1.13,0
1,232,24.03,5.02,0.97,0
1,233,24.33,5.4,0.97,0
1,234,25.94,5.38,0.99,0
1,235,24.73,4.86,0.8,0
1,236,23.98,4.93,1.0,0
1,237,25.49,4.92,1.13,0
1,238,23.61,4.67,0.88,0
1,239,23.85,5.22,1.18,0
1,240,25.97,4.6,1.18,0
1,241,24.89,4.64,1.01,0
1,242,25.37,5.0,0.97,0
1,243,23.65,4.81,0.82,0
1,244,24.36,5.3,0.99,0
1,245,23.59,5.1,1.15,0
1,246,25.63,4.85,0.76,0
1,247,24.72,4.78,1.17,0
1,248,23.84,5.36,1.07,0
1,249,23.96,5.35,0.9,0
1,250,25.62,4.93,0.99,0
1,251,24.92,4.97,0.82,0
1,252,24.07,5.08,1.12,0
1,253,23.91,4.66,1.14,0
1,254,26.06,4.87,1.14,0
1,255,24.3,4.6,1.11,0
1,256,26.01,5.06,1.08,0
1,257,26.1,4.96,0.99,0
1,258,24.5,5.21,0.94,0
1,259,26.3,5.3,1.24,0
1,260,24.22,4.91,1.18,0
1,261,24.73,4.85,0.99,0
1,262,26.24,4.9,1.24,0
1,263,25.88,5.12,0.83,0
1,264,26.39,4.7,1.23,0
1,265,24.5,4.68,1.17,0
1,266,23.8,5.33,0.76,0
1,267,23.93,5.3,1.23,0
1,268,23.72,5.23,0.88,0
1,269,25.37,4.92,0.79,0
1,270,24.49,5.14,1.02,0
1,271,26.36,5.1,1.19,0
1,272,24.96,5.03,1.06,0
1,273,24.2,5.15,0.89,0
1,274,24.18,4.67,1.24,0
1,275,25.78,5.16,0.8,0
1,276,24.0,4.84,0.76,0
1,277,24.47,4.64,0.93,0
1,278,24.79,4.8,0.96,0
1,279,25.55,4.74,0.84,0
1,280,25.33,4.91,1.09,0
1,281,24.99,5.07,0.87,0
1,282,25.41,4.97,1.08,0
1,283,26.2,4.97,0.89,0
1,284,25.14,4.66,1.22,0
1,285,26.46,4.84,1.23,0
1,286,25.57,4.97,0.9,0
1,287,26.5,5.28,0.8,0
1,288,24.64,4.89,0.9,0
1,289,25.6,4.62,1.17,0
1,290,24.69,4.61,1.18,0
1,291,25.83,5.38,1.21,0
1,292,25.74,5.27,1.2,0
1,293,25.83,4.78,1.15,0
1,294,24.16,4.75,0.88,0
1,295,25.77,5.21,1.09,0
1,296,23.91,4.68,1.06,0
1,297,23.62,5.23,0.77,0
1,298,24.59,4.71,1.2,0
1,299,24.48,4.93,0.85,0
1,300,25.86,5.3,0.93,0
2,1,23.99,5.33,1.22,0
2,2,26.4,4.84,1.19,0
2,3,25.91,4.97,0.79,0
2,4,25.76,4.78,1.09,0
2,5,25.52,4.92,1.17,0
2,6,25.17,4.67,0.95,0
2,7,24.29,4.7,0.93,0
2,8,25.75,4.81,0.94,0
2,9,25.42,4.9,1.09,0
2,10,24.91,5.1,1.22,0
2,11,24.48,5.09,1.07,0
2,12,25.41,4.97,1.1,0
2,13,25.45,4.69,0.77,0
2,14,23.61,5.4,0.81,0
2,15,24.2,5.03,0.94,0
2,16,24.61,5.36,1.1,0
2,17,25.12,5.07,1.11,0
2,18,26.16,5.12,1.17,0
2,19,25.35,5.35,0.89,0
2,20,25.57,4.77,0.97,0
2,21,24.21,4.89,1.24,0
2,22,24.6,5.32,1.07,0
2,23,23.68,4.82,1.23,0
2,24,26.35,5.26,0.8,0
2,25,24.14,5.11,1.24,0
2,26,23.65,4.87,1.24,0
2,27,25.86,4.76,1.16,0
2,28,25.16,5.07,1.16,0
2,29,24.2,5.22,1.14,0
2,30,25.29,4.82,1.24,0
2,31,26.46,5.03,1.15,0
2,32,23.83,5.29,0.82,0
2,33,24.57,5.23,1.04,0
2,34,23.55,4.81,0.81,0
2,35,24.76,4.69,0.78,0
2,36,24.84,4.89,1.05,0
2,37,24.86,4.78,1.06,0
2,38,25.68,5.33,1.08,0
2,39,24.4,5.11,0.77,0
2,40,26.5,5.28,0.96,0
2,41,23.82,5.17,0.97,0
2,42,26.2,4.86,0.82,0
2,43,23.88,5.1,1.04,0
2,44,25.64,4.9,1.05,0
2,45,24.38,5.0,0.97,0
2,46,25.88,4.69,1.08,0
2,47,26.13,5.04,1.18,0
2,48,24.79,5.31,0.96,0
2,49,25.98,4.92,1.11,0
2,50,24.44,4.85,0.88,0
2,51,26.36,5.15,0.99,0
2,52,28.73,4.67,0.97,1
2,53,29.37,4.7,0.78,1
2,54,29.12,5.14,0.96,1
2,55,26.65,4.94,1.21,1
2,56,28.02,4.85,0.8,1
2,57,27.55,4.99,1.17,1
2,58,27.18,4.69,0.89,1
2,59,28.37,5.05,1.13,1
2,60,28.47,5.05,1.05,1
2,61,28.79,4.62,0.89,1
2,62,26.93,4.88,0.84,1
2,63,29.42,4.66,1.12,1
2,64,27.86,5.02,0.94,1
2,65,29.32,4.85,0.91,1
2,66,28.76,5.31,0.83,1
2,67,27.77,4.67,0.97,1
2,68,28.04,4.93,0.86,1
2,69,28.28,4.69,1.09,1
2,70,29.45,4.85,0.86,1
2,71,28.8,4.76,1.22,1
2,72,25.79,4.83,0.81,0
2,73,24.99,4.94,0.81,0
2,74,25.1,4.78,1.03,0
2,75,25.5,4.88,0.95,0
2,76,25.73,4.95,0.98,0
2,77,23.73,4.85,0.96,0
2,78,24.71,5.11,0.89,0
2,79,24.72,5.37,0.84,0
2,80,26.34,4.97,1.09,0
2,81,24.59,4.95,0.8,0
2,82,24.81,4.92,0.79,0
2,83,26.11,5.2,0.86,0
2,84,25.84,4.66,1.07,0
2,85,25.09,4.76,1.14,0
2,86,24.55,5.37,1.07,0
2,87,23.94,4.68,0.88,0
2,88,24.02,4.72,1.13,0
2,89,23.73,5.36,1.06,0
2,90,24.89,5.05,1.04,0
2,91,25.54,5.31,1.07,0
2,92,26.46,4.86,1.24,0
2,93,24.45,4.95,0.98,0
2,94,25.39,5.24,1.05,0
2,95,24.56,4.66,0.98,0
2,96,23.61,4.89,0.89,0
2,97,25.43,5.38,0.8,0
2,98,25.28,4.91,1.04,0
2,99,26.36,5.19,0.77,0
2,100,26.23,5.06,0.84,0
2,101,25.32,5.0,1.23,0
2,102,24.85,5.25,1.17,0
2,103,26.45,4.67,1.07,0
2,104,23.62,5.17,1.25,0
2,105,25.07,5.09,0.93,0
2,106,26.25,4.91,1.14,0
2,107,25.54,4.64,1.07,0
2,108,24.5,4.86,1.03,0
2,109,24.66,4.8,1.18,0
2,110,26.39,5.08,0.83,0
2,111,23.74,5.13,1.21,0
2,112,24.43,5.12,1.08,0
2,113,23.89,5.17,0.79,0
2,114,25.18,5.11,0.91,0
2,115,23.88,5.16,1.22,0
2,116,26.49,5.33,0.8,0
2,117,25.51,5.01,0.76,0
2,118,24.43,5.36,0.92,0
2,119,25.8,4.75,1.25,0
2,120,23.96,4.84,1.14,0
2,121,25.02,5.03,1.12,0
2,122,25.08,5.13,1.19,0
2,123,25.35,5.08,0.83,0
2,124,24.04,5.15,1.06,0
2,125,26.21,5.18,0.77,0
2,126,24.59,5.18,1.23,0
2,127,25.33,5.2,1.14,0
2,128,24.2,4.79,1.23,0
2,129,25.85,5.32,0.85,0
2,130,25.53,5.06,0.97,0
2,131,25.81,5.22,1.0,0
2,132,24.76,4.73,0.85,0
2,133,25.31,5.3,0.78,0
2,134,24.94,5.97,1.22,1
2,135,25.05,5.53,0.79,1
2,136,24.85,5.47,1.17,1
2,137,26.23,6.14,1.19,1
2,138,24.74,5.71,0.94,1
2,139,23.74,5.48,0.91,1
2,140,25.64,5.43,0.82,1
2,141,26.25,6.01,1.17,1
2,142,24.91,5.42,1.2,1
2,143,24.15,5.89,1.22,1
2,144,24.77,5.22,0.87,0
2,145,23.87,4.79,1.07,0
2,146,25.37,4.65,1.17,0
2,147,25.0,5.03,1.07,0
2,148,25.23,5.17,0.9,0
2,149,23.5,4.88,1.04,0
2,150,24.06,5.13,1.01,0
2,151,24.58,5.36,1.02,0
2,152,25.86,5.01,0.76,0
2,153,26.12,4.63,0.94,0
2,154,24.62,5.2,0.93,0
2,155,23.7,4.79,1.08,0
2,156,23.81,5.07,1.13,0
2,157,23.9,4.88,0.92,0
2,158,25.43,5.26,1.09,0
2,159,26.44,4.98,0.84,0
2,160,23.9,5.17,1.22,0
2,161,23.61,4.76,1.15,0
2,162,26.16,4.85,0.91,0
2,163,24.69,5.25,0.99,0
2,164,23.61,5.12,0.89,0
2,165,26.09,4.64,1.08,0
2,166,24.32,5.24,0.97,0
2,167,24.7,4.95,1.23,0
2,168,24.52,4.75,1.1,0
2,169,24.6,5.24,0.88,0
2,170,23.75,4.94,0.97,0
2,171,26.49,4.74,0.9,0
2,172,23.81,4.86,0.9,0
2,173,24.84,5.17,0.83,0
2,174,24.83,4.96,1.11,0
2,175,26.23,5.09,0.97,0
2,176,25.42,5.23,0.78,0
2,177,25.51,4.92,1.01,0
2,178,25.75,4.73,0.77,0
2,179,26.05,5.14,0.97,0
2,180,23.88,4.79,1.07,0
2,181,24.59,5.36,0.77,0
2,182,23.96,4.96,0.94,0
2,183,24.83,4.66,0.82,0
2,184,24.6,4.85,0.89,0
2,185,26.38,4.62,0.84,0
2,186,25.05,5.33,0.81,0
2,187,25.82,5.16,0.86,0
2,188,25.34,5.16,1.25,0
2,189,24.1,4.71,0.79,0
2,190,24.02,5.17,1.25,0
2,191,25.93,5.37,1.24,0
2,192,25.5,5.17,1.02,0
2,193,24.37,4.84,0.83,0
2,194,25.63,5.16,0.84,0
2,195,24.58,4.78,1.24,0
2,196,25.88,4.79,1.0,0
2,197,24.58,5.06,0.98,0
2,198,26.45,4.7,1.19,0
2,199,23.7,4.92,1.11,0
2,200,24.94,4.93,0.95,0
2,201,25.22,4.7,0.91,0
2,202,23.72,4.97,1.01,0
2,203,23.89,5.26,1.03,0
2,204,25.26,5.21,0.81,0
2,205,25.01,5.29,1.17,0
2,206,25.05,4.84,0.83,0
2,207,26.3,4.78,1.22,0
2,208,25.06,4.83,0.79,0
2,209,24.09,5.37,0.89,0
2,210,25.38,5.09,0.8,0
2,211,25.42,5.07,1.04,0
2,212,24.01,5.1,1.2,0
2,213,24.51,5.34,0.77,0
2,214,26.09,4.66,1.22,0
2,215,25.81,4.81,0.86,0
2,216,25.22,5.09,0.77,0
2,217,26.17,5.04,1.07,0
2,218,24.41,4.8,1.15,0
2,219,24.72,4.96,1.09,0
2,220,23.97,4.93,0.98,0
2,221,24.52,4.71,1.18,0
2,222,24.46,5.39,0.92,0
2,223,24.7,5.21,1.01,0
2,224,23.82,4.79,0.81,0
2,225,24.85,4.71,0.78,0
2,226,26.34,5.29,0.96,0
2,227,26.39,5.32,1.16,0
2,228,26.3,5.18,0.84,0
2,229,23.98,5.4,0.98,0
2,230,26.14,5.0,0.8,0
2,231,24.68,4.97,0.87,0
2,232,25.25,4.64,0.89,0
2,233,25.29,5.27,1.09,0
2,234,24.36,4.61,0.8,0
2,235,23.9,4.81,0.93,0
2,236,24.71,4.64,0.78,0
2,237,25.19,4.89,0.89,0
2,238,24.66,4.96,1.02,0
2,239,25.98,5.1,1.06,0
2,240,23.89,4.68,0.94,0
2,241,26.46,5.05,0.93,0
2,242,23.93,5.08,0.95,0
2,243,23.62,4.63,1.11,0
2,244,25.91,5.02,0.82,0
2,245,26.18,4.71,1.22,0
2,246,24.46,4.91,1.06,0
2,247,26.03,5.07,1.0,0
2,248,25.03,4.99,1.03,0
2,249,24.92,4.61,0.92,0
2,250,23.83,4.93,0.9,0
2,251,26.2,5.3,1.06,0
2,252,25.29,4.81,1.08,0
2,253,26.42,5.06,1.18,1
2,254,24.94,5.02,1.54,1
2,255,24.64,5.26,1.44,1
2,256,25.6,4.75,1.36,1
2,257,24.74,4.76,1.46,1
2,258,24.91,5.28,1.11,0
2,259,25.62,5.01,1.03,0
2,260,26.49,4.98,0.94,0
2,261,26.37,4.97,1.02,0
2,262,25.14,5.14,1.18,0
2,263,25.54,5.24,0.88,0
2,264,24.95,5.37,0.89,0
2,265,24.4,5.35,1.24,0
2,266,25.81,5.16,1.1,0
2,267,24.97,4.98,1.03,0
2,268,26.3,5.18,0.89,0
2,269,25.22,5.03,1.2,0
2,270,24.68,4.88,1.14,0
2,271,23.94,4.63,1.23,0
2,272,23.74,5.34,1.08,0
2,273,25.74,4.77,1.16,0
2,274,24.31,5.05,0.89,0
2,275,23.83,5.19,0.87,0
2,276,23.65,5.32,0.86,0
2,277,24.2,4.68,0.92,0
2,278,24.92,5.14,0.82,0
2,279,26.39,5.38,0.83,0
2,280,25.46,5.3,0.99,0
2,281,25.45,5.2,0.89,0
2,282,24.36,4.65,1.13,0
2,283,25.46,4.79,1.12,0
2,284,26.05,4.63,1.21,0
2,285,24.75,5.27,1.22,0
2,286,23.61,5.27,1.14,0
2,287,24.06,5.2,1.19,0
2,288,24.37,4.63,0.9,0
2,289,25.31,5.34,0.92,0
2,290,24.86,5.11,1.01,0
2,291,26.17,4.71,1.0,0
2,292,24.32,5.25,0.92,0
2,293,25.69,5.12,1.11,0
2,294,23.54,4.87,0.9,0
2,295,25.52,4.75,1.06,0
2,296,25.42,4.92,0.96,0
2,297,24.48,4.92,0.8,0
2,298,26.45,4.98,1.22,0
2,299,23.52,4.91,0.97,0
2,300,24.3,4.86,1.04,0
3,1,25.46,5.15,0.78,0
3,2,23.85,4.85,0.95,0
3,3,25.01,5.32,1.1,0
3,4,24.43,4.69,1.21,0
3,5,24.39,5.09,0.86,0
3,6,23.9,4.72,1.12,0
3,7,25.32,4.93,1.02,0
3,8,24.91,5.03,1.08,0
3,9,24.16,4.8,1.13,0
3,10,26.12,4.67,0.97,0
3,11,25.61,4.66,1.03,0
3,12,23.69,5.04,1.0,0
3,13,25.22,4.72,0.91,0
3,14,25.06,4.69,0.85,0
3,15,25.25,4.67,1.01,0
3,16,25.93,4.96,1.01,0
3,17,24.87,4.65,0.98,0
3,18,25.92,5.18,0.95,0
3,19,25.95,5.2,1.04,0
3,20,23.64,4.88,0.78,0
3,21,26.48,5.35,0.78,0
3,22,26.3,4.63,0.95,0
3,23,25.81,5.21,1.24,0
3,24,25.44,4.94,1.25,0
3,25,24.65,5.3,1.2,0
3,26,24.63,5.15,1.08,0
3,27,25.12,5.12,0.92,0
3,28,24.04,5.03,1.01,0
3,29,25.68,4.78,0.75,0
3,30,23.57,4.84,1.09,0
3,31,25.13,5.03,1.16,0
3,32,24.24,4.88,0.89,0
3,33,26.31,5.18,0.81,0
3,34,25.93,4.94,1.13,0
3,35,26.15,4.61,0.85,0
3,36,23.8,4.63,1.05,0
3,37,25.61,4.64,1.12,0
3,38,24.71,4.79,0.86,0
3,39,26.09,4.65,1.0,0
3,40,24.37,5.25,1.12,0
3,41,24.46,5.08,1.09,0
3,42,24.46,4.84,0.82,0
3,43,25.48,4.78,0.9,0
3,44,23.68,5.36,1.19,0
3,45,26.23,5.1,0.96,0
3,46,24.99,5.38,1.22,0
3,47,25.51,5.23,0.91,0
3,48,24.75,4.72,0.94,0
3,49,25.76,4.98,1.17,0
3,50,24.4,5.17,1.15,0
3,51,26.24,5.05,1.23,0
3,52,25.17,4.71,0.87,0
3,53,24.11,5.12,1.21,0
3,54,26.04,4.67,1.11,0
3,55,24.07,4.81,1.09,0
3,56,28.79,5.3,0.84,1
3,57,29.11,5.05,0.99,1
3,58,29.31,5.37,0.76,1
3,59,27.94,4.69,1.25,1
3,60,29.25,5.08,0.85,1
3,61,28.1,5.22,0.94,1
3,62,27.99,4.81,1.01,1
3,63,29.02,5.39,0.98,1
3,64,28.19,4.9,0.96,1
3,65,29.3,4.72,0.88,1
3,66,27.49,4.93,0.83,1
3,67,28.46,5.27,1.0,1
3,68,29.4,4.81,1.16,1
3,69,28.88,4.99,0.83,1
3,70,29.25,5.18,0.99,1
3,71,26.6,5.11,0.78,1
3,72,28.79,5.36,1.08,1
3,73,28.62,5.27,0.87,1
3,74,28.35,5.0,0.94,1
3,75,27.96,5.09,0.99,1
3,76,23.52,5.04,0.76,0
3,77,25.09,4.82,1.24,0
3,78,23.55,5.25,1.09,0
3,79,25.92,5.33,0.8,0
3,80,23.79,4.72,0.85,0
3,81,25.08,5.25,0.88,0
3,82,24.69,4.9,0.95,0
3,83,25.2,5.39,0.86,0
3,84,25.55,5.28,1.08,0
3,85,26.07,5.21,0.8,0
3,86,24.64,5.04,0.78,0
3,87,23.53,4.74,1.0,0
3,88,24.8,5.23,1.03,0
3,89,26.07,4.68,1.01,0
3,90,23.63,4.77,1.18,0
3,91,26.16,4.98,0.77,0
3,92,23.72,5.34,1.2,0
3,93,25.19,4.63,1.21,0
3,94,24.44,5.37,1.04,0
3,95,25.76,5.17,0.95,0
3,96,23.73,4.73,0.87,0
3,97,26.0,4.91,1.2,0
3,98,24.5,5.2,0.82,0
3,99,26.47,5.18,1.0,0
3,100,26.42,4.64,0.97,0
3,101,26.02,6.16,1.13,1
3,102,24.69,5.62,0.76,1
3,103,26.48,6.15,0.93,1
3,104,24.8,5.47,1.08,1
3,105,25.36,5.47,1.11,1
3,106,23.96,5.99,1.07,1
3,107,24.45,5.65,0.75,1
3,108,24.58,5.55,0.82,1
3,109,24.85,5.42,0.95,1
3,110,24.56,5.66,1.05,1
3,111,24.66,4.83,0.94,0
3,112,23.75,5.32,1.2,0
3,113,26.43,5.06,0.83,0
3,114,24.64,4.71,0.9,0
3,115,24.98,4.65,0.97,0
3,116,24.76,4.99,0.79,0
3,117,24.26,4.8,1.06,0
3,118,25.28,4.76,0.8,0
3,119,24.41,5.36,0.92,0
3,120,25.36,5.24,0.91,0
3,121,24.5,5.25,1.18,0
3,122,26.42,4.71,0.91,0
3,123,26.34,4.76,0.91,0
3,124,26.39,5.37,0.9,0
3,125,25.58,4.99,1.04,0
3,126,24.23,4.9,1.16,0
3,127,24.68,4.69,1.03,0
3,128,25.28,5.04,1.09,0
3,129,25.15,5.36,0.98,0
3,130,25.63,4.95,0.9,0
3,131,25.58,5.26,1.15,0
3,132,24.73,5.0,1.07,0
3,133,24.23,5.13,1.11,0
3,134,25.87,4.66,1.25,0
3,135,24.94,4.92,1.0,0
3,136,26.26,5.15,1.02,0
3,137,25.87,4.89,1.2,0
3,138,25.11,5.11,0.79,0
3,139,25.81,5.13,0.93,0
3,140,25.44,4.64,1.24,0
3,141,25.53,4.92,1.13,0
3,142,26.4,4.94,0.76,0
3,143,24.28,5.01,1.01,0
3,144,25.24,5.06,0.97,0
3,145,24.67,5.22,1.04,0
3,146,25.0,4.88,0.76,0
3,147,23.81,4.93,1.23,0
3,148,23.85,5.35,0.82,0
3,149,24.44,4.96,0.85,0
3,150,24.95,4.98,0.97,0
3,151,25.59,4.86,0.9,0
3,152,25.93,4.69,1.17,0
3,153,25.44,5.14,0.83,0
3,154,26.45,4.8,0.84,0
3,155,23.98,5.05,1.23,0
3,156,24.2,4.92,0.84,0
3,157,25.42,4.95,0.76,0
3,158,25.34,4.76,1.05,0
3,159,24.67,5.16,0.85,0
3,160,25.76,5.25,0.78,0
3,161,23.81,5.3,0.84,0
3,162,24.48,4.97,0.88,0
3,163,26.09,5.02,1.07,0
3,164,25.29,5.09,1.04,0
3,165,24.54,5.28,1.06,0
3,166,25.94,5.16,0.9,0
3,167,25.34,4.67,0.82,0
3,168,23.85,4.84,0.84,0
3,169,25.58,5.01,0.96,0
3,170,23.91,4.91,0.84,0
3,171,25.41,5.15,1.07,0
3,172,26.5,5.04,0.99,0
3,173,23.92,4.85,0.98,0
3,174,23.66,4.89,0.75,0
3,175,23.91,5.25,1.23,0
3,176,25.02,5.0,1.09,0
3,177,24.75,5.27,0.99,0
3,178,23.75,4.62,1.13,0
3,179,24.38,4.82,1.02,0
3,180,24.0,4.97,1.12,0
3,181,25.8,5.04,0.81,0
3,182,23.84,5.22,1.16,0
3,183,24.6,5.26,0.77,0
3,184,25.66,5.04,1.24,0
3,185,23.81,5.26,1.13,0
3,186,24.39,5.4,0.97,0
3,187,24.55,5.25,0.97,0
3,188,26.48,5.22,0.87,0
3,189,25.93,5.07,0.93,0
3,190,25.63,5.11,0.83,0
3,191,23.92,4.77,0.85,0
3,192,23.68,4.88,0.89,0
3,193,25.12,4.86,1.1,0
3,194,24.37,4.81,1.18,0
3,195,26.46,5.14,0.8,0
3,196,26.39,5.23,1.21,0
3,197,26.48,5.29,0.81,0
3,198,26.1,4.8,1.11,0
3,199,25.99,5.21,1.09,0
3,200,24.97,5.06,0.88,0
3,201,24.74,4.96,1.07,0
3,202,26.14,4.67,1.01,0
3,203,24.33,5.35,0.93,0
3,204,26.35,4.86,0.75,0
3,205,25.82,5.19,1.12,0
3,206,24.88,5.13,0.93,0
3,207,23.69,5.03,0.86,0
3,208,24.79,4.77,0.88,0
3,209,25.99,4.87,1.04,0
3,210,25.2,4.99,0.92,0
3,211,25.55,4.64,0.8,0
3,212,25.85,4.97,0.81,0
3,213,26.07,4.95,0.75,0
3,214,26.37,4.76,1.09,0
3,215,23.9,5.12,0.83,0
3,216,26.3,4.82,1.28,1
3,217,24.62,5.32,1.35,1
3,218,24.42,5.16,1.48,1
3,219,25.61,4.6,1.22,1
3,220,24.18,5.14,1.5,1
3,221,25.95,5.39,0.96,0
3,222,23.9,4.66,0.94,0
3,223,25.69,4.68,0.91,0
3,224,26.14,4.71,1.14,0
3,225,25.76,4.71,1.25,0
3,226,23.93,5.02,0.75,0
3,227,25.45,4.95,1.11,0
3,228,25.38,4.72,0.96,0
3,229,25.56,5.29,0.79,0
3,230,23.8,5.2,1.04,0
3,231,24.65,5.37,0.91,0
3,232,23.92,4.82,0.79,0
3,233,25.16,5.08,1.05,0
3,234,25.84,5.15,1.17,0
3,235,25.48,4.84,1.01,0
3,236,25.03,5.2,0.9,0
3,237,23.66,5.32,1.23,0
3,238,24.98,4.69,1.0,0
3,239,25.28,5.02,1.24,0
3,240,26.46,5.35,0.82,0
3,241,26.08,5.05,0.93,0
3,242,25.55,5.21,1.23,0
3,243,25.81,4.61,0.78,0
3,244,24.29,4.63,0.78,0
3,245,25.87,5.01,1.06,0
3,246,25.0,4.93,1.1,0
3,247,23.75,5.03,1.06,0
3,248,24.33,4.85,1.01,0
3,249,24.11,5.25,1.02,0
3,250,24.67,5.11,1.17,0
3,251,25.54,4.65,1.1,0
3,252,25.69,5.28,0.78,0
3,253,23.76,4.95,0.98,0
3,254,25.33,4.85,1.12,0
3,255,25.72,4.7,1.1,0
3,256,25.6,4.73,1.23,0
3,257,25.07,5.23,1.11,0
3,258,24.0,4.7,1.14,0
3,259,24.31,5.31,1.14,0
3,260,23.59,5.25,0.89,0
3,261,23.69,5.17,1.04,0
3,262,23.73,4.96,0.93,0
3,263,25.0,5.05,0.93,0
3,264,24.27,4.68,1.04,0
3,265,25.67,4.78,1.0,0
3,266,23.63,5.29,0.87,0
3,267,24.92,4.91,0.83,0
3,268,26.29,5.29,1.03,0
3,269,26.24,5.19,0.96,0
3,270,24.47,4.93,1.11,0
3,271,24.31,4.66,0.94,0
3,272,25.01,5.32,0.84,0
3,273,25.91,5.39,1.23,0
3,274,23.71,4.97,0.89,0
3,275,26.03,4.86,1.03,0
3,276,23.52,4.76,1.03,0
3,277,24.41,5.1,0.98,0
3,278,25.28,4.99,1.14,0
3,279,24.09,5.32,1.13,0
3,280,24.24,4.61,0.96,0
3,281,24.2,4.88,1.17,0
3,282,26.13,5.36,0.75,0
3,283,25.47,5.28,1.11,0
3,284,23.81,5.02,0.87,0
3,285,24.98,4.65,1.25,0
3,286,25.63,4.67,1.21,0
3,287,26.19,5.02,1.1,0
3,288,24.62,5.38,0.79,0
3,289,23.79,4.71,1.16,0
3,290,23.72,5.05,0.97,0
3,291,26.39,4.79,0.88,0
3,292,24.45,5.24,1.1,0
3,293,25.71,4.85,0.89,0
3,294,23.72,4.76,1.14,0
3,295,25.25,4.72,0.83,0
3,296,24.9,4.93,1.02,0
3,297,26.39,4.77,0.9,0
3,298,24.3,4.7,0.83,0
3,299,25.56,5.26,1.1,0
3,300,23.62,5.27,0.91,0
4,1,24.69,4.64,0.9,0
4,2,25.96,4.74,1.23,0
4,3,26.06,5.04,1.03,0
4,4,23.78,4.68,1.15,0
4,5,23.86,4.65,1.14,0
4,6,24.17,4.76,0.95,0
4,7,25.56,5.35,0.79,0
4,8,25.26,5.33,0.79,0
4,9,26.49,4.76,1.07,0
4,10,25.93,4.67,1.17,0
4,11,25.93,4.7,1.22,0
4,12,23.65,5.34,0.97,0
4,13,25.67,5.0,0.94,0
4,14,24.78,4.88,1.2,0
4,15,24.32,4.96,0.82,0
4,16,25.34,5.09,1.07,0
4,17,25.0,5.31,0.99,0
4,18,23.76,4.91,0.96,0
4,19,25.43,5.24,0.87,0
4,20,26.48,5.03,0.76,0
4,21,24.65,5.17,0.99,0
4,22,25.84,4.88,1.03,0
4,23,24.46,4.82,0.76,0
4,24,25.29,4.62,1.16,0
4,25,27.57,5.25,0.99,1
4,26,27.24,4.79,0.83,1
4,27,28.71,5.03,1.15,1
4,28,29.45,5.36,1.04,1
4,29,27.02,5.35,1.25,1
4,30,27.58,4.85,1.12,1
4,31,28.2,5.16,0.93,1
4,32,28.93,5.36,1.17,1
4,33,26.61,5.03,0.84,1
4,34,27.93,5.08,0.76,1
4,35,27.52,5.09,1.15,1
4,36,26.68,5.24,1.18,1
4,37,26.83,5.16,0.82,1
4,38,28.61,4.89,0.79,1
4,39,27.47,5.07,0.92,1
4,40,28.42,5.19,0.97,1
4,41,28.19,4.85,1.1,1
4,42,28.5,5.09,0.93,1
4,43,27.38,4.9,1.12,1
4,44,28.22,4.6,1.1,1
4,45,26.05,5.22,1.03,0
4,46,24.05,4.85,1.15,0
4,47,25.33,5.11,0.8,0
4,48,24.99,4.86,0.79,0
4,49,24.54,4.86,1.07,0
4,50,26.39,5.26,1.09,0
4,51,25.69,4.87,0.76,0
4,52,24.13,5.15,0.93,0
4,53,25.86,5.18,0.77,0
4,54,24.81,4.94,0.83,0
4,55,24.74,5.31,0.93,0
4,56,24.63,5.26,1.14,0
4,57,25.23,5.21,0.86,0
4,58,24.85,5.24,0.77,0
4,59,23.56,4.81,0.8,0
4,60,24.53,5.31,0.83,0
4,61,23.73,5.35,1.24,0
4,62,24.51,5.39,1.2,0
4,63,25.61,4.95,1.08,0
4,64,25.32,4.95,0.78,0
4,65,24.49,5.38,0.95,0
4,66,25.16,5.34,1.02,0
4,67,25.48,4.84,0.8,0
4,68,24.68,5.04,1.0,0
4,69,23.66,4.6,0.79,0
4,70,25.97,5.1,0.99,0
4,71,23.79,4.77,1.07,0
4,72,26.43,4.98,0.81,0
4,73,25.85,4.98,1.2,0
4,74,24.3,5.11,0.94,0
4,75,24.61,4.91,0.84,0
4,76,23.63,4.95,0.88,0
4,77,26.01,5.05,0.83,0
4,78,25.59,4.68,1.08,0
4,79,25.92,4.93,1.13,0
4,80,24.18,4.65,0.94,0
4,81,25.07,5.37,1.09,0
4,82,26.31,5.06,0.87,0
4,83,24.4,4.92,1.18,0
4,84,23.6,5.06,1.01,0
4,85,25.21,5.39,0.82,0
4,86,26.35,4.96,1.22,0
4,87,24.0,4.77,0.85,0
4,88,23.63,4.66,1.09,0
4,89,24.11,5.26,0.82,0
4,90,25.29,4.86,1.11,0
4,91,25.92,4.67,1.03,0
4,92,25.16,5.29,1.01,0
4,93,26.25,4.61,1.1,0
4,94,25.26,5.23,0.81,0
4,95,23.95,5.05,1.04,0
4,96,26.39,4.68,0.8,0
4,97,25.84,5.23,1.18,0
4,98,26.14,5.3,0.88,0
4,99,25.46,5.06,0.99,0
4,100,24.02,4.92,1.06,0
4,101,25.54,4.92,0.95,0
4,102,26.14,5.15,0.77,0
4,103,24.93,4.81,0.94,0
4,104,24.51,5.23,0.91,0
4,105,26.03,5.29,1.09,0
4,106,26.42,4.78,0.9,0
4,107,25.73,5.22,0.91,0
4,108,25.69,5.08,0.79,0
4,109,24.83,5.33,0.95,0
4,110,24.95,5.01,0.94,0
4,111,23.67,5.23,0.78,0
4,112,25.63,4.92,1.14,0
4,113,25.07,5.05,0.84,0
4,114,26.13,4.76,0.78,0
4,115,23.6,4.64,0.93,0
4,116,24.1,4.89,0.98,0
4,117,24.69,5.34,1.09,0
4,118,24.23,4.99,0.97,0
4,119,26.38,4.98,1.03,0
4,120,24.53,5.27,0.88,0
4,121,25.99,4.67,0.76,0
4,122,23.65,5.28,1.14,0
4,123,24.14,4.78,0.86,0
4,124,24.12,5.12,1.01,0
4,125,26.09,5.37,1.09,0
4,126,24.92,4.71,0.84,0
4,127,25.9,4.78,1.05,0
4,128,26.33,5.17,1.1,0
4,129,24.33,5.32,1.18,0
4,130,24.88,4.77,0.9,0
4,131,25.06,5.41,1.04,1
4,132,26.5,5.85,1.17,1
4,133,25.28,5.79,1.09,1
4,134,24.51,5.62,0.91,1
4,135,25.47,5.55,1.08,1
4,136,25.05,6.09,0.78,1
4,137,25.93,5.51,0.91,1
4,138,23.58,6.13,0.9,1
4,139,24.71,6.2,1.04,1
4,140,25.95,5.95,1.11,1
4,141,25.41,4.98,1.22,0
4,142,24.58,4.84,0.83,0
4,143,25.47,5.05,0.9,0
4,144,24.91,5.19,1.11,0
4,145,25.18,5.33,1.22,0
4,146,26.2,5.12,0.86,0
4,147,24.17,5.3,0.96,0
4,148,26.16,4.9,1.04,0
4,149,24.89,4.69,0.78,0
4,150,25.4,5.06,1.06,0
4,151,24.92,4.76,0.81,0
4,152,25.54,5.02,0.96,0
4,153,26.11,4.72,1.25,0
4,154,24.53,5.39,1.2,0
4,155,26.46,4.71,1.18,0
4,156,24.04,4.66,0.92,0
4,157,26.46,4.85,0.78,0
4,158,24.86,4.77,1.14,0
4,159,25.23,4.73,1.14,0
4,160,25.84,4.7,0.97,0
4,161,24.79,4.94,0.99,0
4,162,23.51,5.03,1.12,0
4,163,26.35,5.31,1.13,0
4,164,25.09,4.61,0.75,0
4,165,25.7,4.78,1.19,0
4,166,24.44,4.68,1.0,0
4,167,24.42,4.65,0.77,0
4,168,26.35,4.96,1.01,0
4,169,25.07,4.95,1.09,0
4,170,23.9,5.4,1.0,0
4,171,25.75,4.73,1.2,0
4,172,25.94,4.62,0.86,0
4,173,26.45,4.77,0.76,0
4,174,25.01,4.7,1.11,0
4,175,25.88,4.9,1.07,0
4,176,25.81,5.1,1.05,0
4,177,23.64,4.69,1.17,0
4,178,23.64,4.69,0.97,0
4,179,23.87,4.8,1.1,0
4,180,24.12,5.15,0.75,0
4,181,24.76,4.68,1.01,0
4,182,25.37,5.16,0.96,0
4,183,26.2,5.01,1.06,0
4,184,24.35,5.23,1.0,0
4,185,25.33,5.22,1.17,0
4,186,26.42,4.89,0.95,0
4,187,23.98,5.04,1.21,0
4,188,25.56,4.98,0.87,0
4,189,23.54,4.67,0.81,0
4,190,25.22,5.0,1.22,0
4,191,25.84,4.66,1.11,0
4,192,26.21,5.12,0.98,0
4,193,26.43,4.81,0.78,0
4,194,25.94,5.3,1.18,0
4,195,24.58,5.14,0.96,0
4,196,23.85,5.28,1.2,0
4,197,23.53,4.71,1.07,0
4,198,24.49,5.32,1.23,0
4,199,24.3,5.19,0.94,0
4,200,24.53,4.69,0.95,0
4,201,24.87,5.27,1.09,0
4,202,24.93,4.94,1.19,0
4,203,24.0,4.71,1.11,0
4,204,26.44,5.28,0.8,0
4,205,26.23,4.99,1.03,0
4,206,24.81,5.09,1.14,0
4,207,25.33,5.29,1.19,0
4,208,25.68,5.31,0.99,0
4,209,24.96,5.31,0.97,0
4,210,23.69,5.12,0.76,0
4,211,26.1,5.02,1.12,0
4,212,25.67,4.78,1.23,0
4,213,26.12,5.02,1.09,0
4,214,25.35,4.95,1.11,0
4,215,24.95,5.13,1.07,0
4,216,23.95,5.26,1.2,0
4,217,25.34,4.61,1.22,0
4,218,25.02,4.98,1.0,0
4,219,24.0,5.2,0.91,0
4,220,24.49,4.82,1.0,0
4,221,25.15,4.9,1.16,0
4,222,23.74,4.96,1.19,1
4,223,25.0,4.85,1.52,1
4,224,23.55,4.92,1.42,1
4,225,25.98,5.23,1.47,1
4,226,26.17,5.05,1.38,1
4,227,24.52,5.26,1.16,0
4,228,26.03,4.87,1.13,0
4,229,25.3,5.17,0.93,0
4,230,24.86,4.68,1.08,0
4,231,23.51,4.88,1.07,0
4,232,25.9,5.04,0.94,0
4,233,23.82,5.32,1.0,0
4,234,25.97,5.19,0.95,0
4,235,24.26,4.76,0.81,0
4,236,26.06,4.77,1.16,0
4,237,24.07,4.87,1.13,0
4,238,23.64,5.11,1.09,0
4,239,23.87,5.31,0.98,0
4,240,25.27,5.0,1.23,0
4,241,23.51,5.19,1.03,0
4,242,24.8,5.07,1.21,0
4,243,25.84,5.33,1.1,0
4,244,24.02,5.25,0.8,0
4,245,25.47,5.08,0.91,0
4,246,26.14,4.93,1.05,0
4,247,25.58,4.8,0.95,0
4,248,24.53,4.84,1.15,0
4,249,23.91,5.08,1.19,0
4,250,25.04,5.27,1.02,0
4,251,24.44,5.19,1.03,0
4,252,24.15,4.77,1.11,0
4,253,25.56,5.34,0.82,0
4,254,25.63,5.38,0.84,0
4,255,25.13,5.11,1.11,0
4,256,25.78,5.05,1.04,0
4,257,26.33,5.17,1.09,0
4,258,26.18,5.03,1.19,0
4,259,24.77,4.61,0.8,0
4,260,24.64,4.64,0.78,0
4,261,24.3,5.23,1.24,0
4,262,25.55,4.72,0.78,0
4,263,25.85,4.76,1.02,0
4,264,24.58,4.96,1.06,0
4,265,25.53,5.05,0.86,0
4,266,25.44,4.91,1.01,0
4,267,25.89,5.16,1.1,0
4,268,23.64,4.91,0.96,0
4,269,25.86,5.15,1.23,0
4,270,23.66,5.19,0.85,0
4,271,26.11,5.29,0.97,0
4,272,24.18,5.11,1.1,0
4,273,24.6,5.07,1.12,0
4,274,24.09,5.18,0.85,0
4,275,24.85,5.39,0.79,0
4,276,26.39,5.19,0.81,0
4,277,23.62,4.82,0.88,0
4,278,23.98,5.28,0.75,0
4,279,24.9,5.35,0.77,0
4,280,26.29,5.08,1.14,0
4,281,25.38,5.27,0.9,0
4,282,25.87,5.04,0.79,0
4,283,25.62,5.02,1.23,0
4,284,25.06,5.23,0.83,0
4,285,25.13,4.92,0.92,0
4,286,26.15,5.13,0.92,0
4,287,24.38,5.36,1.06,0
4,288,24.92,5.05,1.13,0
4,289,25.45,4.69,0.92,0
4,290,24.22,5.11,1.21,0
4,291,24.23,4.63,1.19,0
4,292,24.64,5.24,0.81,0
4,293,24.27,5.18,0.76,0
4,294,25.05,5.22,1.01,0
4,295,25.03,4.99,0.9,0
4,296,25.45,4.86,0.79,0
4,297,23.79,5.38,1.14,0
4,298,25.1,5.1,0.86,0
4,299,25.39,4.77,1.09,0
4,300,26.01,4.76,1.16,0
5,1,25.95,4.66,1.09,0
5,2,23.57,5.17,0.77,0
5,3,23.72,4.74,0.88,0
5,4,23.71,5.26,1.21,0
5,5,24.72,4.96,0.95,0
5,6,24.45,4.91,0.81,0
5,7,23.52,5.18,0.78,0
5,8,25.74,4.64,1.17,0
5,9,24.57,5.0,0.89,0
5,10,25.56,5.09,0.89,0
5,11,26.28,4.91,1.16,0
5,12,23.59,4.73,0.86,0
5,13,25.74,5.24,1.17,0
5,14,24.38,5.11,0.9,0
5,15,26.16,5.37,1.18,0
5,16,25.44,5.37,0.76,0
5,17,26.12,4.71,0.77,0
5,18,25.22,4.92,1.02,0
5,19,23.76,4.77,1.12,0
5,20,25.68,4.77,1.2,0
5,21,26.05,4.71,0.84,0
5,22,25.35,4.8,0.81,0
5,23,25.51,5.05,0.78,0
5,24,25.75,5.39,1.02,0
5,25,25.43,4.66,1.09,0
5,26,24.25,4.76,1.04,0
5,27,26.35,4.89,1.09,0
5,28,24.2,4.83,0.78,0
5,29,24.08,4.99,0.91,0
5,30,25.48,5.15,0.83,0
5,31,25.2,5.25,1.23,0
5,32,24.01,4.85,1.14,0
5,33,25.64,5.11,0.89,0
5,34,24.58,5.14,0.92,0
5,35,24.94,4.96,1.14,0
5,36,24.96,4.69,1.07,0
5,37,23.75,4.82,1.16,0
5,38,26.17,4.76,1.12,0
5,39,25.38,5.18,1.2,0
5,40,26.05,5.11,1.16,0
5,41,25.24,5.22,0.86,0
5,42,23.61,4.81,1.2,0
5,43,25.12,5.12,0.82,0
5,44,24.68,5.31,1.04,0
5,45,26.07,4.71,1.0,0
5,46,23.77,4.89,0.76,0
5,47,24.22,5.37,1.24,0
5,48,25.55,5.21,0.82,0
5,49,23.98,5.05,1.03,0
5,50,26.12,4.72,1.12,0
5,51,26.32,4.63,1.13,0
5,52,24.2,4.81,0.87,0
5,53,25.51,5.01,1.15,0
5,54,24.66,5.33,1.19,0
5,55,23.62,5.12,0.8,0
5,56,26.41,5.11,0.89,0
5,57,25.73,5.06,1.04,0
5,58,24.63,4.9,1.04,0
5,59,26.19,4.66,0.88,0
5,60,26.42,4.78,0.95,0
5,61,25.95,4.88,1.15,0
5,62,26.16,4.61,1.19,0
5,63,24.82,4.78,1.01,0
5,64,24.34,4.72,0.83,0
5,65,25.31,5.25,1.08,0
5,66,24.74,4.86,0.81,0
5,67,25.53,4.98,1.05,0
5,68,25.44,4.93,0.87,0
5,69,23.88,5.07,0.82,0
5,70,25.04,5.31,0.82,0
5,71,24.0,5.34,1.01,0
5,72,24.72,5.38,1.07,0
5,73,26.14,5.18,1.16,0
5,74,26.34,4.77,1.05,0
5,75,24.91,4.99,0.86,0
5,76,28.8,4.71,1.04,1
5,77,28.56,5.01,0.83,1
5,78,27.63,5.08,0.78,1
5,79,29.23,4.61,1.01,1
5,80,27.03,5.26,1.05,1
5,81,28.09,5.08,1.19,1
5,82,29.21,4.67,1.08,1
5,83,28.54,4.6,1.22,1
5,84,28.59,4.94,1.19,1
5,85,28.81,5.35,0.99,1
5,86,29.01,5.24,1.2,1
5,87,28.8,4.94,0.88,1
5,88,28.13,4.67,1.05,1
5,89,26.52,4.6,1.12,1
5,90,27.12,5.02,0.94,1
5,91,27.78,4.93,0.8,1
5,92,28.19,4.81,1.02,1
5,93,27.11,5.39,0.95,1
5,94,28.18,5.05,0.84,1
5,95,28.82,5.39,1.04,1
5,96,24.69,4.71,1.18,0
5,97,23.86,4.78,1.14,0
5,98,26.35,4.68,1.0,0
5,99,25.86,5.24,1.06,0
5,100,25.55,4.64,0.94,0
5,101,25.41,5.24,1.16,0
5,102,24.92,5.08,0.79,0
5,103,24.29,4.9,1.05,0
5,104,25.67,5.34,0.95,0
5,105,25.47,4.83,1.23,0
5,106,23.67,5.22,0.84,0
5,107,24.98,4.61,1.18,0
5,108,26.29,5.01,0.85,0
5,109,25.85,5.01,1.1,0
5,110,25.35,5.14,0.93,0
5,111,25.47,5.38,0.79,0
5,112,24.33,4.92,1.08,0
5,113,24.72,4.76,0.76,0
5,114,25.61,5.34,1.02,0
5,115,25.68,5.05,1.04,0
5,116,24.54,5.25,0.86,0
5,117,26.39,4.96,0.95,0
5,118,23.51,4.74,1.0,0
5,119,25.18,5.0,0.92,0
5,120,23.85,5.01,0.88,0
5,121,25.11,5.23,0.88,0
5,122,24.83,4.9,0.99,0
5,123,24.23,4.87,1.14,0
5,124,25.54,5.32,1.18,0
5,125,24.95,4.81,0.94,0
5,126,25.87,4.78,1.1,0
5,127,25.9,4.93,0.93,0
5,128,25.11,5.16,0.88,0
5,129,24.36,4.92,1.12,0
5,130,24.53,5.04,0.84,0
5,131,24.44,4.77,1.04,0
5,132,24.05,5.2,1.22,0
5,133,24.07,5.19,0.87,0
5,134,24.23,4.81,0.86,0
5,135,26.0,5.27,0.93,0
5,136,25.84,4.7,0.79,0
5,137,26.37,4.99,0.75,0
5,138,26.07,5.37,1.17,0
5,139,24.61,4.85,1.2,0
5,140,26.14,5.06,0.89,0
5,141,24.05,5.21,1.01,0
5,142,24.69,5.2,0.81,0
5,143,25.08,4.94,1.22,0
5,144,23.6,4.88,1.18,0
5,145,25.83,4.97,0.81,0
5,146,25.05,4.85,0.75,0
5,147,25.52,4.9,0.8,0
5,148,24.58,5.29,0.84,0
5,149,24.29,4.82,1.23,0
5,150,24.53,4.75,0.96,0
5,151,24.76,5.2,0.93,0
5,152,24.7,4.96,1.04,0
5,153,26.44,5.15,1.16,0
5,154,25.66,5.24,1.03,0
5,155,26.07,5.99,1.15,1
5,156,24.92,5.51,0.96,1
5,157,26.18,5.65,1.02,1
5,158,24.96,5.44,1.18,1
5,159,23.8,5.6,0.86,1
5,160,26.02,5.61,1.12,1
5,161,24.58,5.68,1.16,1
5,162,24.74,5.88,1.09,1
5,163,25.23,6.18,1.02,1
5,164,24.35,6.02,1.01,1
5,165,24.84,4.66,1.06,0
5,166,24.89,5.37,1.18,0
5,167,25.42,5.34,0.96,0
5,168,25.34,4.92,1.2,0
5,169,23.74,4.87,0.91,0
5,170,25.46,5.17,1.05,0
5,171,24.69,5.31,1.14,0
5,172,26.32,5.2,1.01,0
5,173,24.85,4.73,1.18,0
5,174,23.88,4.79,0.88,0
5,175,25.73,5.2,0.86,0
5,176,24.69,4.68,1.22,0
5,177,24.92,4.64,1.14,0
5,178,25.07,5.4,0.8,0
5,179,25.35,4.67,1.22,0
5,180,24.67,4.78,1.12,0
5,181,24.83,4.7,1.01,0
5,182,24.01,4.63,0.93,0
5,183,26.25,5.29,0.98,0
5,184,26.11,5.35,1.02,0
5,185,23.91,5.36,1.02,0
5,186,25.27,4.97,1.12,0
5,187,26.13,4.95,1.07,0
5,188,25.1,5.33,0.99,0
5,189,24.18,4.67,0.9,0
5,190,24.74,4.72,0.76,0
5,191,25.07,5.21,0.82,0
5,192,24.36,5.03,1.09,0
5,193,24.98,5.2,0.9,0
5,194,25.8,5.24,1.05,0
5,195,25.89,5.04,0.84,0
5,196,26.15,4.95,0.87,0
5,197,25.64,5.12,1.16,0
5,198,24.16,4.66,1.06,0
5,199,25.05,5.24,1.06,0
5,200,25.58,4.82,1.07,0
5,201,25.1,4.82,0.84,0
5,202,23.71,4.71,0.81,0
5,203,24.87,4.96,1.1,0
5,204,24.98,4.86,0.83,0
5,205,26.41,4.62,1.24,0
5,206,24.35,4.7,0.97,0
5,207,23.52,4.67,0.76,0
5,208,24.15,4.94,1.14,0
5,209,25.0,4.9,1.1,0
5,210,23.6,4.66,1.13,0
5,211,23.94,4.81,0.95,0
5,212,25.13,4.75,1.2,0
5,213,24.25,4.91,0.76,0
5,214,26.42,5.17,0.94,0
5,215,26.42,4.8,1.25,0
5,216,24.1,5.19,0.8,0
5,217,25.5,4.77,0.94,0
5,218,26.38,5.35,0.83,0
5,219,25.68,5.2,1.02,0
5,220,23.87,4.98,0.9,0
5,221,24.58,4.64,1.08,0
5,222,26.42,4.79,0.97,0
5,223,23.55,5.24,1.04,0
5,224,24.69,4.79,1.23,0
5,225,25.24,5.15,1.09,0
5,226,23.96,5.22,0.87,0
5,227,25.0,5.15,0.92,0
5,228,26.41,5.21,0.78,0
5,229,24.57,4.72,1.02,0
5,230,23.82,4.99,0.91,0
5,231,25.18,5.12,0.92,0
5,232,26.18,5.19,0.76,0
5,233,24.63,5.18,0.88,0
5,234,23.62,5.17,1.03,0
5,235,25.13,4.99,1.03,0
5,236,25.13,4.86,0.98,0
5,237,26.1,5.08,1.18,0
5,238,23.98,5.02,0.97,0
5,239,25.96,5.03,0.98,0
5,240,25.83,5.0,1.12,0
5,241,26.15,5.1,1.46,1
5,242,24.46,4.65,1.56,1
5,243,24.07,5.15,1.23,1
5,244,24.35,4.93,1.2,1
5,245,25.48,4.64,1.24,1
5,246,23.59,4.69,0.85,0
5,247,23.6,5.11,0.94,0
5,248,24.97,5.1,1.05,0
5,249,23.65,4.78,1.11,0
5,250,23.54,5.34,1.08,0
5,251,26.29,5.27,0.98,0
5,252,25.42,4.89,1.12,0
5,253,26.17,5.26,1.15,0
5,254,23.67,5.09,1.01,0
5,255,25.7,5.27,0.79,0
5,256,24.15,5.02,0.8,0
5,257,24.19,4.91,0.85,0
5,258,25.47,5.06,1.22,0
5,259,25.18,5.05,1.12,0
5,260,25.8,5.06,1.09,0
5,261,25.61,4.94,0.8,0
5,262,25.88,5.04,1.0,0
5,263,25.47,5.03,1.05,0
5,264,26.3,5.32,1.03,0
5,265,26.49,5.28,0.96,0
5,266,25.4,5.26,0.91,0
5,267,24.22,5.04,0.94,0
5,268,25.15,5.2,0.93,0
5,269,24.86,5.37,0.75,0
5,270,23.6,4.83,0.76,0
5,271,23.91,5.31,0.75,0
5,272,26.45,4.77,0.91,0
5,273,25.81,5.35,1.16,0
5,274,26.26,5.01,1.04,0
5,275,25.21,4.68,0.98,0
5,276,23.97,4.81,1.19,0
5,277,24.25,4.8,0.9,0
5,278,25.21,5.06,0.86,0
5,279,23.73,4.86,0.99,0
5,280,24.96,5.32,1.1,0
5,281,25.96,4.68,1.07,0
5,282,23.61,5.25,0.94,0
5,283,25.84,5.34,0.92,0
5,284,26.14,4.95,1.22,0
5,285,23.86,5.22,1.12,0
5,286,26.05,5.34,1.07,0
5,287,25.4,4.64,1.01,0
5,288,24.46,5.05,0.91,0
5,289,25.59,4.72,1.09,0
5,290,26.49,5.38,1.13,0
5,291,25.23,4.67,0.97,0
5,292,25.86,4.72,0.92,0
5,293,24.93,5.2,1.02,0
5,294,24.29,4.92,0.97,0
5,295,25.59,5.21,0.99,0
5,296,24.09,4.92,1.04,0
5,297,25.18,5.4,1.01,0
5,298,24.23,4.81,0.97,0
5,299,25.55,5.06,0.81,0
5,300,24.74,4.89,0.85,0
6,1,23.57,4.84,1.24,0
6,2,25.35,5.39,0.97,0
6,3,23.94,4.64,1.16,0
6,4,24.1,4.9,1.13,0
6,5,26.06,4.69,0.78,0
6,6,26.35,5.34,1.18,0
6,7,25.96,4.61,1.1,0
6,8,23.83,4.96,0.76,0
6,9,24.13,5.03,0.85,0
6,10,25.07,4.81,0.99,0
6,11,25.69,4.71,1.1,0
6,12,23.56,5.07,1.08,0
6,13,23.63,4.74,0.89,0
6,14,25.87,5.09,0.78,0
6,15,25.46,4.61,0.94,0
6,16,24.31,5.28,1.08,0
6,17,26.09,4.62,1.18,0
6,18,25.45,4.78,0.94,0
6,19,26.43,4.68,0.91,0
6,20,26.1,5.03,0.84,0
6,21,25.0,4.97,1.21,0
6,22,23.56,4.8,1.01,0
6,23,24.5,4.91,0.83,0
6,24,24.54,4.88,1.06,0
6,25,24.21,5.38,1.0,0
6,26,25.94,5.1,1.19,0
6,27,26.17,5.25,0.76,0
6,28,25.16,4.82,0.83,0
6,29,26.19,5.13,0.79,0
6,30,24.65,5.37,1.06,0
6,31,25.38,4.78,0.87,0
6,32,23.96,5.38,1.2,0
6,33,24.49,5.03,0.85,0
6,34,23.92,5.03,1.15,0
6,35,26.09,4.85,1.1,0
6,36,25.07,4.71,1.25,0
6,37,26.43,4.72,1.22,0
6,38,26.25,4.85,1.03,0
6,39,26.35,4.69,0.91,0
6,40,26.14,5.18,1.13,0
6,41,26.14,4.93,0.96,0
6,42,29.3,5.35,1.2,1
6,43,27.05,5.22,0.8,1
6,44,28.2,5.09,0.88,1
6,45,27.58,4.79,1.09,1
6,46,28.31,4.98,1.0,1
6,47,27.97,4.9,1.18,1
6,48,28.79,4.75,0.77,1
6,49,28.73,4.82,0.96,1
6,50,29.28,5.21,0.78,1
6,51,27.47,5.29,0.99,1
6,52,26.63,4.8,0.95,1
6,53,28.33,4.9,0.91,1
6,54,29.13,5.08,1.01,1
6,55,28.98,5.02,0.98,1
6,56,27.69,5.4,1.01,1
6,57,28.39,5.05,1.01,1
6,58,27.41,4.83,0.95,1
6,59,28.34,4.97,0.96,1
6,60,28.99,5.01,0.82,1
6,61,28.84,5.18,0.81,1
6,62,26.31,5.16,0.82,0
6,63,24.74,4.96,0.84,0
6,64,25.27,5.17,0.85,0
6,65,24.86,4.8,1.1,0
6,66,26.22,5.24,1.11,0
6,67,23.87,4.69,0.97,0
6,68,24.59,5.02,0.94,0
6,69,25.87,5.01,1.22,0
6,70,24.64,4.9,1.13,0
6,71,26.24,5.05,1.08,0
6,72,23.95,5.3,0.84,0
6,73,25.64,4.94,0.9,0
6,74,25.81,4.96,1.06,0
6,75,23.85,4.71,0.85,0
6,76,25.37,4.8,0.98,0
6,77,26.07,5.03,0.75,0
6,78,26.15,4.79,1.04,0
6,79,24.93,4.93,0.79,0
6,80,25.3,4.8,1.02,0
6,81,25.36,5.05,1.16,0
6,82,23.65,4.72,1.08,0
6,83,23.61,5.28,1.08,0
6,84,26.01,4.84,1.21,0
6,85,23.65,4.93,0.84,0
6,86,25.52,5.09,1.1,0
6,87,25.28,5.23,0.84,0
6,88,24.87,5.06,1.22,0
6,89,23.78,4.84,0.93,0
6,90,24.64,4.65,0.96,0
6,91,25.15,4.83,0.82,0
6,92,25.58,4.82,1.01,0
6,93,25.07,5.16,1.06,0
6,94,23.83,5.18,1.06,0
6,95,26.46,4.99,1.09,0
6,96,26.3,5.39,0.89,0
6,97,25.33,4.85,1.01,0
6,98,26.49,4.88,0.81,0
6,99,25.19,5.02,1.07,0
6,100,24.98,4.74,1.05,0
6,101,25.63,5.38,0.75,0
6,102,23.57,5.1,0.81,0
6,103,26.04,5.24,1.25,0
6,104,24.74,4.87,1.03,0
6,105,25.41,4.61,0.85,0
6,106,24.34,5.23,0.9,0
6,107,25.02,4.86,0.75,0
6,108,25.56,4.87,1.11,0
6,109,25.35,4.62,0.84,0
6,110,24.49,4.87,1.09,0
6,111,26.25,5.24,1.07,0
6,112,24.94,5.1,1.2,0
6,113,25.11,4.87,1.14,0
6,114,24.74,5.19,1.17,0
6,115,24.4,5.18,0.91,0
6,116,25.11,4.77,1.09,0
6,117,25.9,5.31,0.93,0
6,118,26.41,4.82,0.77,0
6,119,26.45,5.1,1.17,0
6,120,25.21,4.91,1.05,0
6,121,26.09,5.2,1.1,0
6,122,24.44,4.63,0.96,0
6,123,24.99,4.79,0.98,0
6,124,26.35,4.77,0.9,0
6,125,23.84,5.23,1.14,0
6,126,26.24,4.96,0.76,0
6,127,24.95,5.0,0.85,0
6,128,26.27,5.19,1.01,0
6,129,25.83,4.71,1.19,0
6,130,25.97,5.35,1.09,0
6,131,23.9,5.18,0.98,0
6,132,25.64,5.02,0.75,0
6,133,26.3,5.15,1.05,0
6,134,23.76,4.97,0.77,0
6,135,25.06,5.13,0.91,0
6,136,25.23,4.85,1.2,0
6,137,24.46,4.75,0.89,0
6,138,24.46,4.95,0.81,0
6,139,23.95,4.82,0.76,0
6,140,25.37,5.01,0.85,0
6,141,24.55,4.85,0.82,0
6,142,25.61,4.83,0.87,0
6,143,23.71,5.09,0.92,0
6,144,24.83,4.7,0.99,0
6,145,25.53,4.68,0.78,0
6,146,24.78,4.74,1.05,0
6,147,25.28,5.27,1.1,0
6,148,25.35,4.85,1.16,0
6,149,25.64,5.14,1.02,0
6,150,26.42,5.2,0.98,0
6,151,23.9,5.25,1.21,0
6,152,24.9,4.96,1.09,0
6,153,25.63,4.97,0.87,0
6,154,24.17,5.29,1.06,0
6,155,26.24,4.91,1.1,0
6,156,25.5,5.23,1.19,0
6,157,24.86,4.62,0.99,0
6,158,24.55,4.97,0.84,0
6,159,25.8,5.08,0.81,0
6,160,23.81,5.25,1.15,0
6,161,24.48,5.12,1.15,0
6,162,25.1,4.92,0.96,0
6,163,25.36,5.04,1.24,0
6,164,24.65,4.87,1.16,0
6,165,25.27,5.23,0.97,0
6,166,25.86,5.04,0.87,0
6,167,25.49,4.66,1.22,0
6,168,25.22,4.99,1.05,0
6,169,24.89,5.04,1.16,0
6,170,24.03,5.36,0.78,0
6,171,23.83,5.25,1.14,0
6,172,24.64,5.0,1.08,0
6,173,23.77,5.25,1.19,0
6,174,26.21,5.11,0.75,0
6,175,23.94,4.72,1.02,0
6,176,24.67,5.95,0.85,1
6,177,24.45,5.64,1.21,1
6,178,26.33,5.68,1.24,1
6,179,23.77,5.72,1.24,1
6,180,23.88,5.84,0.93,1
6,181,23.66,5.69,1.16,1
6,182,26.08,5.96,0.87,1
6,183,24.68,5.71,0.94,1
6,184,25.14,5.55,0.99,1
6,185,24.65,5.52,1.17,1
6,186,26.49,5.14,0.82,0
6,187,23.72,4.61,1.11,0
6,188,24.96,4.95,1.25,0
6,189,23.75,5.11,0.96,0
6,190,24.87,5.23,1.05,0
6,191,24.78,4.74,1.0,0
6,192,25.16,4.96,0.93,0
6,193,24.06,5.08,1.04,0
6,194,26.04,4.79,1.0,0
6,195,24.73,5.04,0.93,0
6,196,26.43,5.05,1.1,0
6,197,23.84,4.99,1.1,0
6,198,23.93,5.19,1.24,0
6,199,26.45,5.22,0.98,0
6,200,23.73,5.31,0.79,0
6,201,24.92,5.19,1.23,0
6,202,23.73,5.11,1.15,0
6,203,24.44,4.64,0.92,0
6,204,25.84,4.98,1.01,0
6,205,24.91,5.19,0.96,0
6,206,26.38,5.24,0.89,0
6,207,23.61,5.34,1.12,0
6,208,25.68,5.05,0.78,0
6,209,24.92,4.74,0.78,0
6,210,26.47,5.25,1.06,0
6,211,24.36,4.67,1.0,0
6,212,26.05,4.82,0.82,0
6,213,24.34,5.29,0.76,0
6,214,23.83,4.74,1.05,0
6,215,23.95,4.96,1.15,0
6,216,24.28,5.16,0.99,0
6,217,25.9,5.29,0.92,0
6,218,23.75,4.72,1.22,0
6,219,23.96,5.0,1.25,0
6,220,25.81,4.79,0.97,0
6,221,25.41,4.77,1.12,0
6,222,24.54,5.11,1.13,0
6,223,23.85,4.73,0.95,0
6,224,24.4,5.2,1.13,0
6,225,25.1,4.9,1.1,0
6,226,24.92,4.72,1.19,0
6,227,23.54,5.34,0.97,0
6,228,25.54,5.37,1.09,0
6,229,23.62,5.33,1.07,0
6,230,26.37,4.95,1.21,0
6,231,26.08,4.87,0.88,0
6,232,23.79,5.12,0.95,0
6,233,25.82,5.2,1.12,0
6,234,25.27,4.76,0.92,0
6,235,25.57,4.74,1.02,0
6,236,25.52,5.27,0.76,0
6,237,23.79,4.68,0.97,0
6,238,24.16,4.83,0.85,0
6,239,23.57,4.67,1.22,0
6,240,25.47,5.27,1.23,0
6,241,25.41,5.17,1.58,1
6,242,23.89,5.13,1.43,1
6,243,26.4,5.32,1.28,1
6,244,24.9,5.35,1.61,1
6,245,24.33,4.94,1.53,1
6,246,24.47,4.73,0.79,0
6,247,25.83,4.91,0.92,0
6,248,23.68,5.36,0.88,0
6,249,24.82,4.99,1.21,0
6,250,25.33,4.74,1.0,0
6,251,23.93,5.21,0.86,0
6,252,25.43,5.33,1.11,0
6,253,23.81,4.66,1.04,0
6,254,24.25,4.96,1.2,0
6,255,23.95,5.11,1.22,0
6,256,25.49,4.81,1.1,0
6,257,26.21,5.06,1.01,0
6,258,26.32,4.99,0.97,0
6,259,26.03,5.22,1.14,0
6,260,25.12,4.6,1.23,0
6,261,25.95,4.99,1.03,0
6,262,26.31,4.89,1.09,0
6,263,24.7,5.11,1.23,0
6,264,23.77,5.03,1.23,0
6,265,23.74,4.97,1.13,0
6,266,25.44,4.74,0.77,0
6,267,24.65,4.75,1.1,0
6,268,26.19,5.1,0.93,0
6,269,23.75,5.11,1.12,0
6,270,23.92,4.75,1.11,0
6,271,25.28,4.99,0.78,0
6,272,25.12,4.85,1.02,0
6,273,26.0,4.96,1.25,0
6,274,23.61,4.64,1.14,0
6,275,23.63,4.69,1.15,0
6,276,25.5,4.97,1.09,0
6,277,26.12,4.72,1.04,0
6,278,26.27,4.63,0.82,0
6,279,25.46,4.98,1.21,0
6,280,23.64,5.16,0.82,0
6,281,24.02,4.64,0.9,0
6,282,25.88,4.96,0.84,0
6,283,25.27,5.25,0.8,0
6,284,24.99,5.24,0.86,0
6,285,25.91,4.94,1.16,0
6,286,26.45,5.14,0.91,0
6,287,26.43,5.06,0.82,0
6,288,26.01,5.23,1.13,0
6,289,25.28,4.87,0.81,0
6,290,23.92,4.93,1.1,0
6,291,25.16,4.95,1.21,0
6,292,23.62,4.68,1.17,0
6,293,25.34,5.22,0.76,0
6,294,24.96,4.61,0.84,0
6,295,23.77,5.12,1.19,0
6,296,24.75,5.25,1.14,0
6,297,25.58,4.76,1.07,0
6,298,25.07,4.93,1.22,0
6,299,25.33,4.63,0.84,0
6,300,25.0,5.36,1.06,0
7,1,24.76,5.05,0.85,0
7,2,26.46,5.38,1.06,0
7,3,26.09,5.39,1.0,0
7,4,24.89,5.1,0.85,0
7,5,23.66,4.69,0.82,0
7,6,26.03,5.33,1.0,0
7,7,23.98,5.34,0.78,0
7,8,24.59,4.77,0.88,0
7,9,25.35,5.31,0.98,0
7,10,23.81,4.64,1.02,0
7,11,23.97,4.62,1.01,0
7,12,23.71,4.79,0.97,0
7,13,25.24,4.94,1.12,0
7,14,26.2,4.78,0.81,0
7,15,24.18,4.79,0.96,0
7,16,24.1,5.31,0.79,0
7,17,25.26,4.64,0.97,0
7,18,24.15,5.09,0.84,0
7,19,24.62,4.97,0.85,0
7,20,24.58,4.82,0.92,0
7,21,23.6,5.05,0.89,0
7,22,23.83,4.97,0.96,0
7,23,25.78,4.78,0.9,0
7,24,23.97,5.24,1.23,0
7,25,26.22,5.06,1.03,0
7,26,24.19,4.93,1.01,0
7,27,26.09,4.77,0.99,0
7,28,24.89,4.61,0.96,0
7,29,26.12,4.8,0.97,0
7,30,24.17,5.34,1.22,0
7,31,26.24,5.32,0.96,0
7,32,23.63,5.39,1.12,0
7,33,25.01,4.94,0.95,0
7,34,25.93,5.16,0.8,0
7,35,24.99,4.67,1.13,0
7,36,25.58,4.93,0.86,0
7,37,24.58,4.79,1.25,0
7,38,23.55,5.14,0.83,0
7,39,24.88,5.06,1.04,0
7,40,26.43,4.97,0.82,0
7,41,25.61,4.75,1.19,0
7,42,25.38,5.16,0.75,0
7,43,25.38,4.91,1.1,0
7,44,25.09,4.84,1.13,0
7,45,25.59,5.09,1.04,0
7,46,24.12,5.15,1.06,0
7,47,24.51,5.35,1.01,0
7,48,26.23,4.89,0.78,0
7,49,24.65,4.97,0.77,0
7,50,24.6,5.12,1.1,0
7,51,25.18,5.22,0.82,0
7,52,24.5,5.03,1.07,0
7,53,25.71,5.2,1.19,0
7,54,25.61,5.2,1.13,0
7,55,24.46,5.32,1.0,0
7,56,24.77,4.64,0.94,0
7,57,24.86,5.0,1.16,0
7,58,24.91,5.03,1.16,0
7,59,26.2,4.96,0.93,0
7,60,25.52,5.15,1.24,0
7,61,26.15,4.75,1.19,0
7,62,23.76,4.91,0.84,0
7,63,26.37,4.66,0.83,0
7,64,23.84,4.72,0.83,0
7,65,24.11,5.36,0.76,0
7,66,24.75,5.15,1.22,0
7,67,24.92,4.94,1.12,0
7,68,23.56,4.75,0.76,0
7,69,25.91,5.27,1.01,0
7,70,28.86,5.06,1.08,1
7,71,28.15,5.13,1.02,1
7,72,27.42,5.05,1.2,1
7,73,27.36,4.78,0.94,1
7,74,29.37,4.72,0.89,1
7,75,27.05,4.73,1.02,1
7,76,28.88,5.17,1.2,1
7,77,28.22,4.69,1.25,1
7,78,28.62,4.9,0.85,1
7,79,27.85,5.38,0.82,1
7,80,26.57,5.03,0.81,1
7,81,29.28,5.21,1.22,1
7,82,28.02,5.38,1.02,1
7,83,29.41,4.84,1.2,1
7,84,28.9,5.4,1.08,1
7,85,26.84,5.34,0.92,1
7,86,26.85,4.63,1.09,1
7,87,27.57,5.09,0.86,1
7,88,28.08,5.09,0.85,1
7,89,26.75,5.21,0.85,1
7,90,26.05,5.14,1.23,0
7,91,26.43,4.92,1.0,0
7,92,25.31,5.01,0.78,0
7,93,25.5,4.92,1.11,0
7,94,24.78,4.91,0.76,0
7,95,24.53,4.85,0.97,0
7,96,25.18,4.77,1.19,0
7,97,25.72,4.93,0.97,0
7,98,23.99,5.18,1.2,0
7,99,25.69,4.93,1.17,0
7,100,25.29,4.71,0.9,0
7,101,26.47,5.02,0.92,0
7,102,26.3,5.07,0.94,0
7,103,23.52,5.11,0.89,0
7,104,24.02,4.97,1.03,0
7,105,26.24,4.76,1.17,0
7,106,24.37,4.99,1.16,0
7,107,24.41,5.07,1.0,0
7,108,25.72,4.78,1.15,0
7,109,23.96,4.84,1.07,0
7,110,25.41,4.7,1.08,0
7,111,24.36,4.74,1.2,0
7,112,25.43,4.62,1.13,0
7,113,24.98,5.38,1.05,0
7,114,24.59,4.98,0.97,0
7,115,24.27,5.15,1.24,0
7,116,25.95,4.9,1.12,0
7,117,23.55,4.81,1.04,0
7,118,23.94,4.97,1.1,0
7,119,24.57,4.64,0.93,0
7,120,25.41,5.36,0.77,0
7,121,24.37,5.11,0.79,0
7,122,24.08,5.1,1.13,0
7,123,25.3,4.73,0.91,0
7,124,24.45,5.28,1.15,0
7,125,24.31,5.16,0.93,0
7,126,25.1,4.88,0.82,0
7,127,23.91,4.83,1.14,0
7,128,24.74,5.34,0.83,0
7,129,24.15,5.0,1.17,0
7,130,25.89,5.05,1.09,0
7,131,26.36,5.28,1.11,0
7,132,25.61,5.24,0.96,0
7,133,26.25,4.69,0.82,0
7,134,23.55,4.88,1.1,0
7,135,23.92,4.95,1.24,0
7,136,25.07,5.38,0.84,0
7,137,24.41,5.2,0.81,0
7,138,23.89,5.65,1.09,1
7,139,24.13,6.01,0.96,1
7,140,23.84,5.74,0.99,1
7,141,24.09,5.87,1.08,1
7,142,24.91,5.64,0.77,1
7,143,23.53,5.88,0.81,1
7,144,25.26,5.42,1.09,1
7,145,23.94,5.86,0.89,1
7,146,24.56,5.89,1.14,1
7,147,25.01,6.01,1.16,1
7,148,25.09,5.17,1.23,0
7,149,24.02,5.2,0.75,0
7,150,25.68,5.34,1.21,0
7,151,26.05,4.98,1.1,0
7,152,24.06,5.14,0.8,0
7,153,26.0,5.39,0.96,0
7,154,25.04,4.93,1.13,0
7,155,24.44,4.97,1.01,0
7,156,24.99,4.89,0.89,0
7,157,25.67,4.67,1.0,0
7,158,24.65,4.97,1.12,0
7,159,25.56,5.27,0.86,0
7,160,24.72,5.39,0.96,0
7,161,26.07,5.32,1.15,0
7,162,26.32,4.89,0.76,0
7,163,25.52,5.14,0.95,0
7,164,25.07,5.14,0.81,0
7,165,24.68,5.16,1.24,0
7,166,25.72,5.31,0.83,0
7,167,24.59,4.76,0.85,0
7,168,26.03,4.92,0.87,0
7,169,24.77,5.0,1.13,0
7,170,25.8,5.07,1.13,0
7,171,25.9,5.35,0.93,0
7,172,25.5,5.36,1.24,0
7,173,25.03,4.72,0.98,0
7,174,23.87,4.99,0.87,0
7,175,26.33,4.62,1.12,0
7,176,25.99,5.0,0.76,0
7,177,24.04,5.08,0.91,0
7,178,24.41,5.1,1.13,0
7,179,25.48,5.02,1.0,0
7,180,24.9,4.83,1.0,0
7,181,25.01,5.03,1.15,0
7,182,25.12,4.61,1.13,0
7,183,26.47,5.3,0.81,0
7,184,24.85,5.28,0.97,0
7,185,23.61,4.74,1.08,0
7,186,25.84,5.31,0.83,0
7,187,24.79,4.85,0.94,0
7,188,25.79,5.06,1.0,0
7,189,25.16,5.03,0.98,0
7,190,25.19,4.73,0.78,0
7,191,24.29,5.07,0.94,0
7,192,25.53,5.21,0.89,0
7,193,23.68,5.07,0.81,0
7,194,24.6,5.25,1.04,0
7,195,25.8,5.1,0.94,0
7,196,24.78,5.39,0.96,0
7,197,23.67,4.8,0.87,0
7,198,24.44,4.67,1.09,0
7,199,26.11,4.69,0.83,0
7,200,25.12,4.63,1.08,0
7,201,24.77,5.01,0.96,0
7,202,23.56,4.98,0.76,0
7,203,24.45,5.06,0.91,0
7,204,23.79,4.99,1.1,0
7,205,24.12,5.0,1.16,0
7,206,25.5,4.73,0.9,0
7,207,26.41,4.76,1.07,0
7,208,26.42,4.66,1.18,0
7,209,24.14,4.81,0.9,0
7,210,25.22,5.24,1.06,0
7,211,26.37,5.17,1.04,0
7,212,25.28,4.82,1.03,0
7,213,25.09,4.94,0.92,0
7,214,23.73,5.26,1.0,0
7,215,24.4,5.13,0.91,0
7,216,24.74,4.8,1.01,0
7,217,25.51,5.04,1.19,0
7,218,25.38,5.01,0.84,0
7,219,25.0,5.13,1.16,0
7,220,26.31,4.81,1.07,0
7,221,25.93,5.28,1.2,0
7,222,26.3,5.18,1.25,1
7,223,24.89,4.79,1.53,1
7,224,26.03,4.93,1.61,1
7,225,25.4,5.28,1.29,1
7,226,23.98,5.15,1.27,1
7,227,23.95,4.62,1.15,0
7,228,24.43,4.99,1.25,0
7,229,24.77,5.32,0.85,0
7,230,24.32,4.62,1.14,0
7,231,24.33,5.04,1.07,0
7,232,23.63,5.18,1.14,0
7,233,23.67,5.32,0.91,0
7,234,24.39,4.65,1.23,0
7,235,26.19,5.14,1.19,0
7,236,24.69,5.27,1.17,0
7,237,24.21,5.06,1.0,0
7,238,23.86,5.13,1.04,0
7,239,25.83,5.02,1.0,0
7,240,23.77,5.08,1.14,0
7,241,24.44,5.27,1.12,0
7,242,25.92,5.2,1.22,0
7,243,24.15,4.69,0.86,0
7,244,24.32,4.93,1.18,0
7,245,23.67,5.03,1.1,0
7,246,23.84,5.04,0.99,0
7,247,24.24,4.82,1.14,0
7,248,23.93,4.98,0.93,0
7,249,24.42,5.12,1.2,0
7,250,23.6,5.19,1.15,0
7,251,23.66,5.33,1.09,0
7,252,24.26,4.91,1.07,0
7,253,25.6,5.32,1.09,0
7,254,25.1,4.79,0.97,0
7,255,23.52,5.37,1.21,0
7,256,26.25,4.84,1.22,0
7,257,25.77,4.84,1.18,0
7,258,23.98,4.95,0.91,0
7,259,25.94,5.12,1.14,0
7,260,24.32,4.66,1.14,0
7,261,24.98,5.19,1.21,0
7,262,24.5,4.94,1.21,0
7,263,23.8,4.73,0.88,0
7,264,23.7,4.94,1.11,0
7,265,25.14,4.86,1.1,0
7,266,25.79,5.11,0.84,0
7,267,24.83,5.11,0.75,0
7,268,24.1,4.84,1.04,0
7,269,23.83,4.8,1.11,0
7,270,25.8,5.12,0.82,0
7,271,25.28,4.93,1.22,0
7,272,24.85,5.3,0.82,0
7,273,24.02,5.07,0.91,0
7,274,24.35,4.67,0.93,0
7,275,24.68,4.9,1.17,0
7,276,25.21,4.62,0.76,0
7,277,25.18,5.09,0.86,0
7,278,23.77,4.97,0.88,0
7,279,26.06,4.64,1.06,0
7,280,25.3,4.72,1.23,0
7,281,24.01,5.05,0.76,0
7,282,25.08,5.22,1.21,0
7,283,25.98,5.0,0.86,0
7,284,24.11,5.36,1.16,0
7,285,24.3,5.2,0.94,0
7,286,24.79,4.77,0.86,0
7,287,25.97,5.18,0.84,0
7,288,24.04,5.23,0.76,0
7,289,26.43,4.79,0.98,0
7,290,24.24,5.07,1.07,0
7,291,23.76,4.98,1.19,0
7,292,26.42,4.92,0.86,0
7,293,24.65,4.94,1.05,0
7,294,23.72,5.05,0.78,0
7,295,26.29,4.98,0.93,0
7,296,25.32,5.14,1.15,0
7,297,25.63,5.25,0.75,0
7,298,25.01,4.9,1.24,0
7,299,25.51,4.71,1.2,0
7,300,23.62,4.74,0.83,0
8,1,24.9,4.67,1.11,0
8,2,24.8,4.81,0.91,0
8,3,26.44,5.0,1.24,0
8,4,24.34,4.89,0.97,0
8,5,26.21,4.81,1.16,0
8,6,26.28,5.01,0.97,0
8,7,23.99,5.19,1.0,0
8,8,26.35,5.04,1.21,0
8,9,25.41,4.95,0.84,0
8,10,23.66,4.75,0.99,0
8,11,23.99,4.97,0.81,0
8,12,26.19,5.0,0.97,0
8,13,26.47,5.05,0.98,0
8,14,23.84,5.18,0.82,0
8,15,24.55,4.76,0.89,0
8,16,26.0,5.2,1.16,0
8,17,25.19,5.13,0.86,0
8,18,26.49,4.6,1.13,0
8,19,24.04,5.34,0.87,0
8,20,24.99,4.68,0.91,0
8,21,24.35,5.39,0.81,0
8,22,24.62,5.34,0.8,0
8,23,24.47,4.62,0.98,0
8,24,25.62,4.98,1.06,0
8,25,24.31,5.13,0.91,0
8,26,23.63,5.1,0.98,0
8,27,26.34,5.4,1.2,0
8,28,25.89,4.7,1.18,0
8,29,25.9,4.83,1.15,0
8,30,25.73,5.04,1.05,0
8,31,23.78,4.8,0.87,0
8,32,25.81,4.92,0.76,0
8,33,24.12,4.91,0.95,0
8,34,25.44,5.36,0.83,0
8,35,24.4,5.24,1.12,0
8,36,26.27,5.32,1.05,0
8,37,24.58,4.68,0.93,0
8,38,24.1,4.96,0.94,0
8,39,24.31,5.08,0.8,0
8,40,24.77,4.89,0.84,0
8,41,25.39,4.67,1.01,0
8,42,26.42,5.14,1.07,0
8,43,25.64,5.34,1.01,0
8,44,25.44,4.67,0.98,0
8,45,23.74,5.24,0.9,0
8,46,26.45,5.15,0.9,0
8,47,24.25,4.94,1.03,0
8,48,25.15,5.33,1.01,0
8,49,25.03,4.93,0.98,0
8,50,25.66,5.25,0.93,0
8,51,28.72,5.21,0.76,1
8,52,26.64,5.23,1.17,1
8,53,28.67,5.16,0.91,1
8,54,27.52,4.96,1.15,1
8,55,26.73,5.25,0.86,1
8,56,27.8,4.81,1.09,1
8,57,28.47,4.92,0.76,1
8,58,28.73,4.92,1.08,1
8,59,28.35,4.84,1.16,1
8,60,28.91,5.37,1.09,1
8,61,28.95,4.71,0.85,1
8,62,27.94,4.75,0.76,1
8,63,29.07,4.79,1.17,1
8,64,26.94,4.67,1.13,1
8,65,28.72,4.69,1.2,1
8,66,27.85,4.99,0.76,1
8,67,27.68,4.84,1.16,1
8,68,27.8,4.68,1.17,1
8,69,28.69,5.0,1.04,1
8,70,28.04,4.63,0.95,1
8,71,25.67,5.35,1.2,0
8,72,26.1,4.79,0.78,0
8,73,23.56,5.06,1.03,0
8,74,24.3,5.12,1.19,0
8,75,23.85,5.1,1.07,0
8,76,24.84,4.95,0.83,0
8,77,25.68,4.98,0.97,0
8,78,25.02,5.07,1.09,0
8,79,26.27,5.28,1.11,0
8,80,24.91,5.31,1.11,0
8,81,24.67,4.93,1.22,0
8,82,25.46,4.89,0.99,0
8,83,26.41,4.73,0.85,0
8,84,25.57,4.67,0.99,0
8,85,24.02,4.73,1.0,0
8,86,25.88,5.35,1.0,0
8,87,24.2,5.05,1.25,0
8,88,24.58,4.81,1.09,0
8,89,24.02,5.29,1.0,0
8,90,25.92,4.87,0.81,0
8,91,24.18,5.05,0.99,0
8,92,26.48,5.23,1.13,0
8,93,25.81,5.05,1.2,0
8,94,26.06,5.3,1.05,0
8,95,23.81,4.64,1.22,0
8,96,25.9,5.37,1.13,0
8,97,26.42,5.23,1.05,0
8,98,26.08,4.68,1.03,0
8,99,25.02,4.73,0.81,0
8,100,24.12,4.89,1.11,0
8,101,25.62,5.21,1.0,0
8,102,26.11,4.72,0.93,0
8,103,25.96,4.7,0.85,0
8,104,26.41,5.22,0.75,0
8,105,26.0,4.98,0.89,0
8,106,24.01,4.81,1.11,0
8,107,24.75,5.1,0.87,0
8,108,25.76,5.02,1.14,0
8,109,23.91,4.94,1.21,0
8,110,26.19,5.36,1.01,0
8,111,25.55,5.35,0.97,0
8,112,25.81,5.17,1.01,0
8,113,23.71,4.87,0.95,0
8,114,25.82,4.95,0.95,0
8,115,23.61,5.34,0.83,0
8,116,25.22,5.38,1.24,0
8,117,25.9,5.3,1.24,0
8,118,24.76,5.31,1.1,0
8,119,26.12,5.18,0.91,0
8,120,24.53,5.26,1.2,0
8,121,25.33,4.72,0.95,0
8,122,25.43,5.31,1.06,0
8,123,25.35,4.95,0.92,0
8,124,25.94,5.12,1.14,0
8,125,26.14,4.67,1.02,0
8,126,24.67,5.18,1.19,0
8,127,25.06,5.03,0.86,0
8,128,25.04,4.85,0.92,0
8,129,25.41,4.62,1.2,0
8,130,25.12,4.81,1.17,0
8,131,24.41,4.94,1.0,0
8,132,25.7,5.27,0.88,0
8,133,25.02,4.7,1.13,0
8,134,26.32,4.96,1.04,0
8,135,23.52,4.87,0.87,0
8,136,25.74,5.07,1.11,0
8,137,26.31,5.13,1.17,0
8,138,24.2,4.84,1.08,0
8,139,25.95,5.06,0.82,0
8,140,24.63,5.19,0.8,0
8,141,25.05,4.75,1.14,0
8,142,24.86,4.72,0.96,0
8,143,24.74,5.5,0.96,1
8,144,24.14,5.72,1.09,1
8,145,25.18,5.87,1.19,1
8,146,25.41,6.16,1.09,1
8,147,25.7,5.8,0.83,1
8,148,24.95,5.81,1.23,1
8,149,25.09,5.43,0.98,1
8,150,23.97,5.5,1.21,1
8,151,26.06,5.63,0.93,1
8,152,25.07,5.7,0.9,1
8,153,24.38,4.62,0.82,0
8,154,25.85,4.94,1.22,0
8,155,24.42,4.83,0.84,0
8,156,25.72,4.6,1.02,0
8,157,23.7,4.64,0.99,0
8,158,24.43,4.96,0.92,0
8,159,24.63,5.27,1.17,0
8,160,23.9,4.71,1.07,0
8,161,25.79,5.13,0.82,0
8,162,25.68,4.67,1.06,0
8,163,25.37,4.91,1.2,0
8,164,24.52,4.64,1.09,0
8,165,24.83,4.82,0.79,0
8,166,24.0,4.62,1.07,0
8,167,25.81,4.85,1.07,0
8,168,25.43,4.67,1.23,0
8,169,25.13,5.21,1.23,0
8,170,25.07,5.2,1.0,0
8,171,23.56,5.13,1.02,0
8,172,26.39,4.82,0.85,0
8,173,25.99,5.27,1.04,0
8,174,23.75,5.03,0.91,0
8,175,25.27,4.99,1.22,0
8,176,24.52,4.74,0.76,0
8,177,25.08,4.91,0.8,0
8,178,26.44,5.03,0.89,0
8,179,24.05,5.21,0.83,0
8,180,26.36,5.14,0.78,0
8,181,26.38,4.75,1.11,0
8,182,24.39,4.68,0.82,0
8,183,26.18,4.81,1.22,0
8,184,26.2,4.64,0.87,0
8,185,25.29,4.79,1.0,0
8,186,25.01,5.36,0.88,0
8,187,24.46,5.04,0.78,0
8,188,23.59,5.11,1.21,0
8,189,23.56,5.04,1.04,0
8,190,23.8,5.21,1.08,0
8,191,23.88,5.05,0.97,0
8,192,26.04,5.0,1.14,0
8,193,23.93,5.03,0.83,0
8,194,24.24,5.36,1.23,0
8,195,25.17,4.63,1.16,0
8,196,26.38,5.1,1.08,0
8,197,24.0,4.65,1.21,0
8,198,24.32,4.8,1.09,0
8,199,26.5,5.27,0.86,0
8,200,26.02,4.83,0.83,0
8,201,25.1,4.66,0.79,0
8,202,25.6,5.26,1.11,0
8,203,26.5,5.3,0.86,0
8,204,25.01,5.24,1.19,0
8,205,26.34,5.11,1.24,0
8,206,25.62,4.82,1.08,0
8,207,24.46,4.77,1.23,0
8,208,24.49,5.33,0.82,0
8,209,26.27,5.09,0.75,0
8,210,23.53,4.74,1.03,0
8,211,25.59,4.99,0.95,0
8,212,23.74,5.3,1.08,0
8,213,25.12,5.31,1.16,0
8,214,24.84,4.7,1.24,0
8,215,24.63,5.08,0.94,0
8,216,26.02,5.25,1.24,0
8,217,23.87,4.9,0.85,0
8,218,23.53,5.19,1.13,0
8,219,25.54,5.17,0.85,0
8,220,25.95,5.1,1.15,0
8,221,24.16,5.38,1.23,0
8,222,23.61,4.99,1.1,0
8,223,25.32,4.61,1.24,0
8,224,25.42,4.69,0.89,0
8,225,25.0,4.74,0.85,0
8,226,25.72,5.14,1.05,0
8,227,24.03,5.07,1.12,0
8,228,23.88,5.35,1.18,0
8,229,26.14,5.18,0.89,0
8,230,26.04,4.62,1.23,0
8,231,25.53,5.09,1.09,0
8,232,26.15,4.6,0.96,0
8,233,25.52,5.12,1.18,0
8,234,24.47,5.28,0.95,0
8,235,23.87,5.01,1.0,0
8,236,25.05,4.63,1.11,0
8,237,23.64,5.33,1.02,0
8,238,24.45,4.91,0.92,0
8,239,26.14,5.25,1.25,0
8,240,24.18,5.15,1.23,0
8,241,26.25,4.76,0.91,0
8,242,23.69,5.1,0.76,0
8,243,24.8,4.62,1.15,0
8,244,26.31,5.27,0.87,0
8,245,24.92,5.37,1.17,0
8,246,25.96,5.02,0.87,0
8,247,23.72,5.08,0.97,0
8,248,23.79,4.96,0.81,0
8,249,26.42,5.33,0.94,0
8,250,26.17,5.15,1.14,0
8,251,23.69,5.24,0.78,0
8,252,25.33,4.95,0.8,0
8,253,23.67,4.64,1.17,0
8,254,24.71,5.09,0.96,0
8,255,26.09,5.23,1.06,0
8,256,24.86,4.97,1.46,1
8,257,23.8,5.12,1.16,1
8,258,25.05,5.07,1.16,1
8,259,25.64,5.07,1.6,1
8,260,23.88,5.01,1.39,1
8,261,25.36,4.75,0.82,0
8,262,23.63,4.7,1.04,0
8,263,25.04,5.12,0.93,0
8,264,25.25,5.03,0.82,0
8,265,24.91,5.08,0.9,0
8,266,26.41,5.01,1.08,0
8,267,23.93,4.79,1.16,0
8,268,25.18,4.64,0.92,0
8,269,26.43,5.11,0.85,0
8,270,23.71,4.75,0.99,0
8,271,25.58,4.97,1.1,0
8,272,26.06,5.05,0.92,0
8,273,24.4,4.86,0.8,0
8,274,26.13,5.33,1.0,0
8,275,26.26,5.11,1.1,0
8,276,24.9,4.77,0.99,0
8,277,25.81,5.25,1.15,0
8,278,24.63,4.92,1.16,0
8,279,23.52,4.61,0.93,0
8,280,25.16,4.71,0.97,0
8,281,25.39,5.33,0.93,0
8,282,26.43,4.76,0.89,0
8,283,24.16,4.81,0.84,0
8,284,26.04,4.8,0.85,0
8,285,24.03,4.81,0.8,0
8,286,25.99,4.71,1.08,0
8,287,26.16,4.87,0.86,0
8,288,24.87,4.9,0.94,0
8,289,24.01,5.02,1.15,0
8,290,25.37,4.95,1.11,0
8,291,23.86,5.31,0.82,0
8,292,24.07,5.03,1.1,0
8,293,24.45,4.94,1.07,0
8,294,26.26,5.21,1.04,0
8,295,26.06,4.84,0.82,0
8,296,24.24,5.1,0.89,0
8,297,23.88,5.01,1.04,0
8,298,24.97,5.18,1.14,0
8,299,25.87,5.09,0.83,0
8,300,24.66,5.31,1.13,0
9,1,24.89,4.86,0.94,0
9,2,25.58,5.17,1.0,0
9,3,24.31,4.92,1.21,0
9,4,25.25,4.63,0.86,0
9,5,24.11,5.29,0.95,0
9,6,24.42,5.31,1.04,0
9,7,26.31,4.9,1.03,0
9,8,23.9,4.67,0.97,0
9,9,24.55,5.07,0.98,0
9,10,25.36,4.94,0.98,0
9,11,24.73,5.24,0.91,0
9,12,24.65,4.74,0.87,0
9,13,25.44,4.89,0.79,0
9,14,26.03,5.01,1.07,0
9,15,25.86,5.34,0.8,0
9,16,23.71,4.63,0.85,0
9,17,24.09,4.86,0.9,0
9,18,25.95,5.15,0.89,0
9,19,25.62,5.4,1.25,0
9,20,25.76,5.19,1.21,0
9,21,23.53,4.84,1.16,0
9,22,25.85,4.92,0.95,0
9,23,25.24,5.12,0.99,0
9,24,25.04,5.21,0.82,0
9,25,24.69,4.78,1.12,0
9,26,24.92,5.01,1.14,0
9,27,25.77,5.18,0.98,0
9,28,25.88,4.85,0.84,0
9,29,25.81,5.16,0.85,0
9,30,24.85,5.05,0.94,0
9,31,25.23,4.7,1.22,0
9,32,23.53,5.25,1.17,0
9,33,24.52,4.94,1.09,0
9,34,24.71,5.22,1.02,0
9,35,24.48,4.62,1.14,0
9,36,26.27,4.72,1.23,0
9,37,24.49,5.1,1.05,0
9,38,25.32,5.29,1.24,0
9,39,24.11,4.91,1.02,0
9,40,24.07,4.69,1.03,0
9,41,24.85,5.32,0.8,0
9,42,23.81,5.04,0.77,0
9,43,26.71,4.99,0.84,1
9,44,28.48,4.83,0.87,1
9,45,27.02,4.65,1.01,1
9,46,26.83,4.93,0.83,1
9,47,29.37,4.98,0.78,1
9,48,27.8,4.7,0.85,1
9,49,29.32,4.98,1.05,1
9,50,27.33,5.0,1.09,1
9,51,27.7,4.71,0.78,1
9,52,29.14,5.02,1.21,1
9,53,27.36,5.06,1.12,1
9,54,28.63,4.97,1.1,1
9,55,27.03,5.09,1.15,1
9,56,27.87,5.32,1.12,1
9,57,27.68,4.75,1.03,1
9,58,27.32,4.79,1.19,1
9,59,28.59,4.83,1.21,1
9,60,29.48,4.77,1.0,1
9,61,26.82,5.4,0.79,1
9,62,27.26,4.86,0.98,1
9,63,25.02,4.97,0.79,0
9,64,25.58,5.2,0.94,0
9,65,25.74,5.28,0.95,0
9,66,23.53,4.69,1.21,0
9,67,24.48,5.2,0.99,0
9,68,23.7,5.04,0.87,0
9,69,26.35,4.71,1.16,0
9,70,26.02,4.74,0.76,0
9,71,23.8,4.84,1.02,0
9,72,24.67,4.66,1.13,0
9,73,25.53,4.72,0.93,0
9,74,24.15,4.63,1.09,0
9,75,24.15,5.16,1.17,0
9,76,25.93,5.11,1.11,0
9,77,26.19,4.91,0.9,0
9,78,23.66,4.6,1.14,0
9,79,25.8,5.34,0.94,0
9,80,24.22,4.67,0.96,0
9,81,26.47,4.87,0.85,0
9,82,25.51,4.78,1.19,0
9,83,25.89,5.26,0.83,0
9,84,24.0,4.93,0.8,0
9,85,24.48,5.05,0.84,0
9,86,24.12,5.03,1.22,0
9,87,23.86,4.77,0.93,0
9,88,24.02,4.92,0.91,0
9,89,24.67,4.97,0.78,0
9,90,25.95,5.12,0.93,0
9,91,23.7,4.77,0.9,0
9,92,25.3,5.39,0.8,0
9,93,25.11,5.39,1.18,0
9,94,24.01,5.37,1.05,0
9,95,26.44,5.16,1.09,0
9,96,26.42,5.15,0.92,0
9,97,25.41,5.31,0.91,0
9,98,26.05,4.99,0.92,0
9,99,25.33,5.07,0.94,0
9,100,25.42,4.79,1.04,0
9,101,26.47,4.79,1.06,0
9,102,26.19,4.85,1.12,0
9,103,25.77,5.1,0.78,0
9,104,24.62,4.84,0.83,0
9,105,24.11,4.63,1.21,0
9,106,25.29,5.36,1.12,0
9,107,24.49,4.82,1.07,0
9,108,25.78,5.02,1.24,0
9,109,25.44,4.83,0.76,0
9,110,26.04,4.87,0.87,0
9,111,25.12,5.33,1.08,0
9,112,24.25,5.15,1.11,0
9,113,25.32,4.91,0.91,0
9,114,24.83,4.6,1.18,0
9,115,23.71,4.75,1.07,0
9,116,23.92,4.76,0.8,0
9,117,25.28,5.26,1.22,0
9,118,24.21,4.66,1.11,0
9,119,24.43,5.18,0.87,0
9,120,24.03,4.8,0.89,0
9,121,24.84,5.11,0.89,0
9,122,25.84,4.66,1.24,0
9,123,24.69,4.73,0.97,0
9,124,25.02,5.19,1.13,0
9,125,25.96,5.23,0.76,0
9,126,24.64,5.28,1.13,0
9,127,26.26,5.08,0.83,0
9,128,25.68,4.81,0.98,0
9,129,24.86,4.9,1.05,0
9,130,23.72,4.71,0.98,0
9,131,23.96,4.75,0.76,0
9,132,25.0,5.18,1.0,0
9,133,26.28,5.35,1.24,0
9,134,24.62,4.99,1.07,0
9,135,25.26,4.93,0.77,0
9,136,26.26,4.91,1.03,0
9,137,24.08,4.95,0.88,0
9,138,26.24,5.18,1.0,0
9,139,24.97,5.15,1.1,0
9,140,25.45,5.34,1.12,0
9,141,24.23,4.63,1.16,0
9,142,25.39,5.14,1.1,0
9,143,25.44,4.81,0.98,0
9,144,25.54,4.8,1.05,0
9,145,26.36,5.27,0.76,0
9,146,25.81,5.12,1.21,0
9,147,24.69,5.07,1.2,0
9,148,25.06,4.75,0.96,0
9,149,25.99,4.8,0.9,0
9,150,26.4,5.13,0.94,0
9,151,24.42,4.93,1.19,0
9,152,25.68,4.67,1.07,0
9,153,25.83,4.88,0.82,0
9,154,25.75,5.34,0.95,0
9,155,24.42,5.39,1.16,0
9,156,23.5,4.66,1.1,0
9,157,25.07,5.12,1.12,0
9,158,24.01,4.9,1.1,0
9,159,24.09,4.75,1.22,0
9,160,24.85,5.25,0.84,0
9,161,23.68,4.75,1.13,0
9,162,24.28,5.32,0.95,0
9,163,25.38,5.53,1.18,1
9,164,24.38,5.67,0.89,1
9,165,25.26,5.48,1.09,1
9,166,23.68,5.87,0.75,1
9,167,26.46,5.41,1.01,1
9,168,25.31,6.15,1.13,1
9,169,24.92,5.7,0.96,1
9,170,26.17,6.15,1.16,1
9,171,25.5,5.68,0.78,1
9,172,24.49,5.96,0.98,1
9,173,25.68,5.31,0.82,0
9,174,25.31,5.3,0.89,0
9,175,25.6,5.25,0.93,0
9,176,25.36,5.13,0.99,0
9,177,24.74,4.75,1.24,0
9,178,26.37,5.25,0.76,0
9,179,24.58,4.64,1.15,0
9,180,24.48,4.96,1.05,0
9,181,24.7,5.09,0.79,0
9,182,24.78,5.35,1.22,0
9,183,26.46,5.29,1.2,0
9,184,25.7,4.84,0.85,0
9,185,23.93,5.02,1.04,0
9,186,26.07,5.0,0.81,0
9,187,25.89,4.84,1.09,0
9,188,25.15,5.3,0.83,0
9,189,24.84,4.69,1.08,0
9,190,24.22,4.77,1.13,0
9,191,25.48,4.67,0.97,0
9,192,25.65,4.73,1.21,0
9,193,26.21,5.21,0.86,0
9,194,24.27,4.98,1.2,0
9,195,23.87,4.71,1.02,0
9,196,25.68,4.67,1.1,0
9,197,26.12,5.35,1.13,0
9,198,25.3,5.12,0.94,0
9,199,25.65,5.19,0.94,0
9,200,25.43,5.05,1.18,0
9,201,25.93,4.78,0.81,0
9,202,23.76,4.67,1.12,0
9,203,26.31,5.2,0.81,0
9,204,24.6,5.28,1.23,0
9,205,25.23,4.6,0.78,0
9,206,25.11,5.28,1.24,0
9,207,24.46,4.89,1.09,0
9,208,25.89,5.02,1.05,0
9,209,24.17,4.92,1.02,0
9,210,24.88,4.72,1.22,0
9,211,26.01,5.0,0.98,0
9,212,25.3,4.72,1.08,0
9,213,25.9,5.16,1.05,0
9,214,24.43,5.39,0.81,0
9,215,26.49,5.17,0.99,0
9,216,25.99,5.0,1.1,0
9,217,24.63,5.38,0.92,0
9,218,25.98,4.77,1.12,0
9,219,25.93,5.16,0.78,0
9,220,26.1,4.74,0.99,0
9,221,24.68,5.39,1.08,0
9,222,26.05,5.39,1.02,0
9,223,24.51,5.14,1.25,0
9,224,25.77,4.91,1.01,0
9,225,24.35,5.16,0.85,0
9,226,26.07,4.92,0.82,0
9,227,25.76,5.06,1.15,0
9,228,26.05,5.17,0.98,0
9,229,23.99,4.71,1.1,0
9,230,24.37,4.72,0.86,0
9,231,25.75,5.19,0.75,0
9,232,25.68,5.06,1.09,0
9,233,26.47,4.72,1.36,1
9,234,26.02,5.34,1.64,1
9,235,24.04,4.64,1.48,1
9,236,25.28,5.38,1.35,1
9,237,23.6,4.79,1.49,1
9,238,26.36,5.12,0.94,0
9,239,25.58,5.24,1.08,0
9,240,25.83,5.29,1.08,0
9,241,24.33,5.12,0.93,0
9,242,23.86,4.67,0.99,0
9,243,25.51,5.01,0.76,0
9,244,25.22,5.06,0.89,0
9,245,25.74,5.24,0.84,0
9,246,24.95,5.12,0.97,0
9,247,25.21,4.68,0.78,0
9,248,26.23,5.24,0.84,0
9,249,25.94,4.62,1.03,0
9,250,25.11,5.25,0.99,0
9,251,25.06,5.07,1.11,0
9,252,25.87,4.7,1.13,0
9,253,26.4,5.32,0.84,0
9,254,25.3,4.74,1.03,0
9,255,25.9,4.7,0.81,0
9,256,24.12,4.73,1.03,0
9,257,26.05,4.63,1.24,0
9,258,25.02,4.89,1.02,0
9,259,24.77,5.36,0.75,0
9,260,24.4,5.36,1.01,0
9,261,25.85,5.13,0.97,0
9,262,25.23,5.16,1.01,0
9,263,26.46,4.88,1.02,0
9,264,24.13,4.68,1.16,0
9,265,24.21,4.75,0.9,0
9,266,26.0,5.37,1.05,0
9,267,24.15,4.89,0.81,0
9,268,25.37,4.66,0.88,0
9,269,24.65,5.32,0.95,0
9,270,23.75,4.8,0.96,0
9,271,25.58,5.03,0.79,0
9,272,25.7,5.4,1.1,0
9,273,24.08,4.9,1.08,0
9,274,25.96,5.08,0.96,0
9,275,23.96,5.39,0.97,0
9,276,23.58,5.08,0.79,0
9,277,23.87,4.69,1.02,0
9,278,23.7,5.11,0.93,0
9,279,24.5,4.82,1.18,0
9,280,24.18,4.61,0.94,0
9,281,26.41,4.9,0.8,0
9,282,26.28,4.74,1.11,0
9,283,24.42,5.26,0.99,0
9,284,25.09,5.16,1.18,0
9,285,25.15,5.09,1.2,0
9,286,24.01,5.36,0.94,0
9,287,24.54,5.19,1.23,0
9,288,25.1,5.08,1.17,0
9,289,24.93,4.7,0.75,0
9,290,25.04,4.72,0.81,0
9,291,24.64,5.19,0.78,0
9,292,25.68,5.38,1.1,0
9,293,24.25,5.09,1.1,0
9,294,24.05,5.39,1.15,0
9,295,25.01,4.82,0.96,0
9,296,26.33,5.31,1.16,0
9,297,24.42,5.29,1.22,0
9,298,24.72,4.85,0.8,0
9,299,23.74,5.18,1.22,0
9,300,24.0,4.65,1.12,0
10,1,26.12,5.37,0.96,0
10,2,25.03,5.18,0.99,0
10,3,25.05,5.4,1.19,0
10,4,25.59,4.92,1.06,0
10,5,26.23,5.2,1.11,0
10,6,25.61,5.2,0.87,0
10,7,25.72,5.36,1.16,0
10,8,26.14,5.02,1.05,0
10,9,25.32,5.37,1.09,0
10,10,26.15,5.02,0.86,0
10,11,23.73,5.27,1.01,0
10,12,26.36,4.94,0.94,0
10,13,24.62,4.69,1.21,0
10,14,24.25,5.03,1.13,0
10,15,23.85,4.84,0.9,0
10,16,24.14,5.19,1.03,0
10,17,24.15,4.84,1.22,0
10,18,25.43,5.26,0.77,0
10,19,24.89,5.09,0.99,0
10,20,24.57,5.09,0.91,0
10,21,24.56,4.6,1.2,0
10,22,24.06,4.88,0.8,0
10,23,24.98,4.67,1.01,0
10,24,23.96,4.7,0.99,0
10,25,23.97,5.13,0.86,0
10,26,24.69,4.84,0.96,0
10,27,24.05,5.25,0.8,0
10,28,24.82,5.27,0.83,0
10,29,24.56,4.95,0.93,0
10,30,26.11,4.76,0.84,0
10,31,23.62,4.92,1.12,0
10,32,26.2,4.73,0.85,0
10,33,24.94,5.13,0.88,0
10,34,24.76,5.04,1.15,0
10,35,25.64,4.86,1.13,0
10,36,26.15,5.0,1.21,0
10,37,26.03,4.91,0.8,0
10,38,23.82,4.62,0.83,0
10,39,25.0,5.21,0.87,0
10,40,25.53,4.87,1.24,0
10,41,25.71,4.95,0.89,0
10,42,24.96,5.21,0.87,0
10,43,23.96,5.01,0.87,0
10,44,25.8,5.29,1.25,0
10,45,24.24,5.26,0.85,0
10,46,25.62,5.25,1.1,0
10,47,25.01,4.74,1.25,0
10,48,25.27,5.11,0.86,0
10,49,23.9,4.63,1.25,0
10,50,26.29,4.94,1.06,0
10,51,23.77,4.64,0.95,0
10,52,24.42,5.11,0.87,0
10,53,24.51,4.98,1.0,0
10,54,25.43,4.84,0.88,0
10,55,27.46,4.88,0.96,1
10,56,28.73,4.63,0.78,1
10,57,26.8,4.98,1.2,1
10,58,27.41,5.36,0.93,1
10,59,29.09,4.61,1.03,1
10,60,28.84,5.19,0.93,1
10,61,27.13,4.9,1.08,1
10,62,28.73,5.31,0.82,1
10,63,28.46,5.07,1.21,1
10,64,26.72,5.16,1.21,1
10,65,29.47,4.87,1.11,1
10,66,27.08,5.18,0.77,1
10,67,29.06,4.8,1.19,1
10,68,27.85,5.38,1.2,1
10,69,27.76,5.33,0.78,1
10,70,28.3,5.0,0.76,1
10,71,28.2,4.7,0.77,1
10,72,27.69,5.16,1.12,1
10,73,27.0,5.3,1.24,1
10,74,27.7,4.91,1.14,1
10,75,24.31,4.75,0.83,0
10,76,24.15,5.16,1.19,0
10,77,25.87,4.96,1.1,0
10,78,25.08,4.84,0.86,0
10,79,25.62,5.04,0.84,0
10,80,23.64,4.79,0.77,0
10,81,23.94,5.31,1.21,0
10,82,24.31,5.23,1.07,0
10,83,24.25,5.26,1.02,0
10,84,23.5,4.88,1.05,0
10,85,24.61,4.67,1.1,0
10,86,25.15,5.18,0.95,0
10,87,25.33,4.86,0.78,0
10,88,25.95,5.26,0.86,0
10,89,26.4,4.74,1.24,0
10,90,25.11,5.38,1.14,0
10,91,25.84,4.69,1.12,0
10,92,24.65,5.12,1.19,0
10,93,25.4,5.04,1.16,0
10,94,24.16,4.82,1.04,0
10,95,25.92,5.2,0.83,0
10,96,24.2,5.18,0.93,0
10,97,26.21,4.67,0.84,0
10,98,24.06,5.29,0.84,0
10,99,24.97,5.18,1.07,0
10,100,23.56,4.73,0.84,0
10,101,24.68,5.09,0.78,0
10,102,23.72,4.8,1.2,0
10,103,26.41,4.68,1.01,0
10,104,25.68,5.25,1.05,0
10,105,24.63,4.62,1.16,0
10,106,25.79,5.12,0.77,0
10,107,24.25,4.67,0.82,0
10,108,25.38,4.61,1.23,0
10,109,26.37,4.69,1.12,0
10,110,24.52,5.17,0.85,0
10,111,24.94,5.05,0.97,0
10,112,23.99,4.87,0.83,0
10,113,23.67,5.15,1.06,0
10,114,23.87,5.26,0.8,0
10,115,24.39,5.01,1.17,0
10,116,23.93,5.33,0.76,0
10,117,24.78,4.72,1.08,0
10,118,24.18,5.3,0.94,0
10,119,26.15,5.26,0.81,0
10,120,24.01,4.69,0.8,0
10,121,26.37,4.89,1.06,0
10,122,23.86,5.34,1.21,0
10,123,26.19,5.08,0.84,0
10,124,25.09,5.08,1.09,0
10,125,23.95,5.13,0.9,0
10,126,25.95,4.88,0.8,0
10,127,26.25,5.13,1.22,0
10,128,25.93,5.17,0.79,0
10,129,23.51,5.35,0.82,0
10,130,25.47,4.86,0.95,0
10,131,25.66,5.23,0.99,0
10,132,23.7,5.06,1.23,0
10,133,24.34,4.67,1.25,0
10,134,24.05,4.91,0.91,0
10,135,24.77,5.15,0.96,0
10,136,25.88,4.87,1.15,0
10,137,25.46,4.8,0.96,0
10,138,24.99,5.03,1.02,0
10,139,25.96,4.91,1.04,0
10,140,24.77,5.06,1.1,0
10,141,25.74,5.16,0.87,0
10,142,23.51,5.4,0.76,0
10,143,25.18,5.37,1.21,0
10,144,23.68,4.88,1.17,0
10,145,26.1,5.26,0.9,0
10,146,23.93,5.28,1.24,0
10,147,26.24,4.79,1.16,0
10,148,23.67,4.71,1.23,0
10,149,25.61,4.9,0.76,0
10,150,26.39,4.9,1.1,0
10,151,25.49,4.66,1.17,0
10,152,26.11,4.62,0.93,0
10,153,23.74,4.66,1.03,0
10,154,25.94,4.72,0.84,0
10,155,25.73,5.2,1.1,0
10,156,24.4,4.93,0.92,0
10,157,25.84,5.16,0.89,0
10,158,23.97,5.3,0.77,0
10,159,25.75,5.0,0.76,0
10,160,26.0,5.14,1.19,0
10,161,25.16,5.26,1.21,0
10,162,25.01,5.17,0.96,0
10,163,23.97,6.18,1.01,1
10,164,23.88,5.58,1.06,1
10,165,24.05,6.07,1.03,1
10,166,25.95,5.91,0.91,1
10,167,25.98,5.92,1.15,1
10,168,24.08,5.88,0.79,1
10,169,26.04,5.83,0.89,1
10,170,23.7,5.65,1.13,1
10,171,25.16,5.62,0.77,1
10,172,26.43,6.03,1.03,1
10,173,23.64,4.85,1.22,0
10,174,23.53,4.89,0.89,0
10,175,24.69,4.76,1.13,0
10,176,25.68,5.38,1.1,0
10,177,23.79,4.93,1.12,0
10,178,23.8,5.25,0.83,0
10,179,25.26,4.91,1.04,0
10,180,26.06,4.83,0.83,0
10,181,24.89,5.31,0.8,0
10,182,25.66,5.31,1.15,0
10,183,25.46,5.22,0.83,0
10,184,26.39,5.01,1.11,0
10,185,25.45,5.34,0.92,0
10,186,25.86,4.87,0.93,0
10,187,26.07,4.94,1.2,0
10,188,25.82,4.91,0.85,0
10,189,25.33,4.66,0.83,0
10,190,25.38,5.0,1.15,0
10,191,23.93,5.3,1.02,0
10,192,26.41,5.23,0.79,0
10,193,23.78,4.85,1.22,0
10,194,23.98,4.82,0.93,0
10,195,23.77,4.74,1.14,0
10,196,24.27,4.98,0.88,0
10,197,26.13,5.12,0.82,0
10,198,23.87,5.05,0.77,0
10,199,26.08,4.92,1.18,0
10,200,26.25,4.7,0.93,0
10,201,26.03,5.36,0.94,0
10,202,25.55,5.0,0.88,0
10,203,26.13,5.15,1.06,0
10,204,25.43,5.19,0.87,0
10,205,25.96,4.61,1.18,0
10,206,24.37,4.73,0.95,0
10,207,23.72,4.91,0.98,0
10,208,23.78,4.97,1.07,0
10,209,26.2,4.97,0.79,0
10,210,25.7,5.33,1.21,0
10,211,25.8,4.76,0.91,0
10,212,24.45,5.4,0.99,0
10,213,25.61,4.98,0.89,0
10,214,23.61,4.72,0.98,0
10,215,25.42,4.86,0.77,0
10,216,25.3,4.9,1.22,0
10,217,24.58,4.94,0.99,0
10,218,23.66,5.29,1.23,0
10,219,25.55,4.82,1.07,0
10,220,23.75,4.66,0.95,0
10,221,24.4,5.17,1.19,0
10,222,25.07,5.14,0.88,0
10,223,25.99,4.67,1.2,0
10,224,24.53,5.2,0.83,0
10,225,24.55,4.94,0.99,0
10,226,25.57,4.73,1.1,0
10,227,24.56,5.15,0.94,0
10,228,23.53,5.23,1.05,0
10,229,23.73,5.13,1.06,0
10,230,24.47,5.39,1.22,0
10,231,25.73,5.19,0.91,0
10,232,23.95,4.97,0.82,0
10,233,26.09,4.69,1.23,0
10,234,24.72,5.02,0.75,0
10,235,24.85,5.27,0.81,0
10,236,24.85,5.38,0.8,0
10,237,24.16,5.38,0.96,0
10,238,25.14,4.73,0.94,0
10,239,24.54,5.36,1.24,0
10,240,25.23,4.61,1.16,0
10,241,23.55,5.32,1.0,0
10,242,26.1,5.16,1.07,0
10,243,24.87,4.93,0.93,0
10,244,25.13,5.02,1.13,0
10,245,23.84,4.74,0.96,0
10,246,24.03,5.08,1.02,0
10,247,24.64,5.28,1.09,0
10,248,24.81,4.83,1.06,0
10,249,26.28,5.29,1.25,0
10,250,25.92,4.68,1.07,0
10,251,25.35,4.93,1.53,1
10,252,26.28,4.68,1.44,1
10,253,23.6,4.83,1.26,1
10,254,24.86,4.9,1.38,1
10,255,23.87,5.37,1.36,1
10,256,25.96,5.16,1.12,0
10,257,23.52,4.9,0.86,0
10,258,24.35,5.3,0.88,0
10,259,26.02,5.24,0.96,0
10,260,24.22,5.32,0.96,0
10,261,23.55,4.72,0.94,0
10,262,25.95,5.26,1.05,0
10,263,24.51,5.37,1.25,0
10,264,24.23,5.38,0.85,0
10,265,25.43,5.26,1.15,0
10,266,25.23,4.7,1.07,0
10,267,26.43,4.74,1.2,0
10,268,25.05,4.95,0.8,0
10,269,25.9,5.0,1.07,0
10,270,25.85,5.27,1.06,0
10,271,24.28,5.04,1.22,0
10,272,24.11,4.67,0.97,0
10,273,25.39,5.07,0.76,0
10,274,25.62,5.34,0.79,0
10,275,24.65,5.19,0.82,0
10,276,24.86,5.11,0.93,0
10,277,24.22,5.32,0.9,0
10,278,25.11,4.8,1.14,0
10,279,25.86,5.22,1.08,0
10,280,24.32,5.35,1.06,0
10,281,25.42,5.06,0.8,0
10,282,24.88,5.08,0.8,0
10,283,24.35,5.32,0.8,0
10,284,24.98,4.89,1.17,0
10,285,24.67,4.99,0.76,0
10,286,23.72,5.37,0.79,0
10,287,25.56,4.9,0.91,0
10,288,26.22,5.25,0.84,0
10,289,23.53,4.74,1.03,0
10,290,25.32,4.63,1.24,0
10,291,26.48,4.99,1.06,0
10,292,25.14,4.73,1.12,0
10,293,26.28,4.75,0.76,0
10,294,23.57,5.01,0.83,0
10,295,26.1,4.69,0.86,0
10,296,24.48,4.78,1.11,0
10,297,26.32,4.81,0.99,0
10,298,26.36,4.88,1.03,0
10,299,24.38,5.2,1.0,0
10,300,25.04,4.92,0.85,0
